sku,title,category,brand,model,retail_price_inr,wholesale_price_inr,moq,stock,rating,image_prompt,image_alt,animation_treatment,poc_only,source_note
BE-0001,NovaTek 5G Smartphone GSM-1001,Mobiles,NovaTek,GSM-1001,7199,5900,1,10,3.9,"premium studio product photograph of a 5g smartphone, clean neutral background, ecommerce catalog, front three-quarter view, no logo, 1:1","NovaTek 5G Smartphone, front three-quarter product view",slow-360-spin,YES,"Synthetic proof-of-concept record; replace price, stock, brand and media before production"
BE-0002,Cobalt Feature Phone FEA-1002,Mobiles,Cobalt,FEA-1002,8149,6680,1,17,4.0,"premium studio product photograph of a feature phone, clean neutral background, ecommerce catalog, front three-quarter view, no logo, 1:1","Cobalt Feature Phone, front three-quarter product view",hotspot-reveal,YES,"Synthetic proof-of-concept record; replace price, stock, brand and media before production"
BE-0003,Astra Rugged Smartphone RUG-1003,Mobiles,Astra,RUG-1003,9099,7460,1,24,4.1,"premium studio product photograph of a rugged smartphone, clean neutral background, ecommerce catalog, front three-quarter view, no logo, 1:1","Astra Rugged Smartphone, front three-quarter product view",parallax-depth,YES,"Synthetic proof-of-concept record; replace price, stock, brand and media before production"
BE-0004,Orbis 5G Smartphone GSM-1004,Mobiles,Orbis,GSM-1004,10049,8240,1,31,4.2,"premium studio product photograph of a 5g smartphone, clean neutral background, ecommerce catalog, front three-quarter view, no logo, 1:1","Orbis 5G Smartphone, front three-quarter product view",color-swap,YES,"Synthetic proof-of-concept record; replace price, stock, brand and media before production"
BE-0005,IndusTech Feature Phone FEA-1005,Mobiles,IndusTech,FEA-1005,9999,8200,1,38,4.3,"premium studio product photograph of a feature phone, clean neutral background, ecommerce catalog, front three-quarter view, no logo, 1:1","IndusTech Feature Phone, front three-quarter product view",exploded-view,YES,"Synthetic proof-of-concept record; replace price, stock, brand and media before production"
BE-0006,NovaTek Rugged Smartphone RUG-1006,Mobiles,NovaTek,RUG-1006,10949,8980,1,45,4.4,"premium studio product photograph of a rugged smartphone, clean neutral background, ecommerce catalog, front three-quarter view, no logo, 1:1","NovaTek Rugged Smartphone, front three-quarter product view",light-sweep,YES,"Synthetic proof-of-concept record; replace price, stock, brand and media before production"
BE-0007,Cobalt 5G Smartphone GSM-1007,Mobiles,Cobalt,GSM-1007,11899,9760,1,52,4.5,"premium studio product photograph of a 5g smartphone, clean neutral background, ecommerce catalog, front three-quarter view, no logo, 1:1","Cobalt 5G Smartphone, front three-quarter product view",none-reduced-motion,YES,"Synthetic proof-of-concept record; replace price, stock, brand and media before production"
BE-0008,Astra Feature Phone FEA-1008,Mobiles,Astra,FEA-1008,12849,10540,1,59,4.6,"premium studio product photograph of a feature phone, clean neutral background, ecommerce catalog, front three-quarter view, no logo, 1:1","Astra Feature Phone, front three-quarter product view",card-tilt,YES,"Synthetic proof-of-concept record; replace price, stock, brand and media before production"
BE-0009,Orbis Rugged Smartphone RUG-1009,Mobiles,Orbis,RUG-1009,7799,6400,1,66,4.7,"premium studio product photograph of a rugged smartphone, clean neutral background, ecommerce catalog, front three-quarter view, no logo, 1:1","Orbis Rugged Smartphone, front three-quarter product view",slow-360-spin,YES,"Synthetic proof-of-concept record; replace price, stock, brand and media before production"
BE-0010,IndusTech 5G Smartphone GSM-1010,Mobiles,IndusTech,GSM-1010,7749,6350,1,73,4.8,"premium studio product photograph of a 5g smartphone, clean neutral background, ecommerce catalog, front three-quarter view, no logo, 1:1","IndusTech 5G Smartphone, front three-quarter product view",hotspot-reveal,YES,"Synthetic proof-of-concept record; replace price, stock, brand and media before production"
BE-0011,NovaTek Feature Phone FEA-1011,Mobiles,NovaTek,FEA-1011,8699,7130,1,80,4.9,"premium studio product photograph of a feature phone, clean neutral background, ecommerce catalog, front three-quarter view, no logo, 1:1","NovaTek Feature Phone, front three-quarter product view",parallax-depth,YES,"Synthetic proof-of-concept record; replace price, stock, brand and media before production"
BE-0012,Cobalt Rugged Smartphone RUG-1012,Mobiles,Cobalt,RUG-1012,9649,7910,1,4,3.8,"premium studio product photograph of a rugged smartphone, clean neutral background, ecommerce catalog, front three-quarter view, no logo, 1:1","Cobalt Rugged Smartphone, front three-quarter product view",color-swap,YES,"Synthetic proof-of-concept record; replace price, stock, brand and media before production"
BE-0013,Astra 5G Smartphone GSM-1013,Mobiles,Astra,GSM-1013,10599,8690,1,11,3.9,"premium studio product photograph of a 5g smartphone, clean neutral background, ecommerce catalog, front three-quarter view, no logo, 1:1","Astra 5G Smartphone, front three-quarter product view",exploded-view,YES,"Synthetic proof-of-concept record; replace price, stock, brand and media before production"
BE-0014,Orbis Feature Phone FEA-1014,Mobiles,Orbis,FEA-1014,11549,9470,1,18,4.0,"premium studio product photograph of a feature phone, clean neutral background, ecommerce catalog, front three-quarter view, no logo, 1:1","Orbis Feature Phone, front three-quarter product view",light-sweep,YES,"Synthetic proof-of-concept record; replace price, stock, brand and media before production"
BE-0015,IndusTech Rugged Smartphone RUG-1015,Mobiles,IndusTech,RUG-1015,11499,9430,1,25,4.1,"premium studio product photograph of a rugged smartphone, clean neutral background, ecommerce catalog, front three-quarter view, no logo, 1:1","IndusTech Rugged Smartphone, front three-quarter product view",none-reduced-motion,YES,"Synthetic proof-of-concept record; replace price, stock, brand and media before production"
BE-0016,NovaTek 5G Smartphone GSM-1016,Mobiles,NovaTek,GSM-1016,12449,10210,1,32,4.2,"premium studio product photograph of a 5g smartphone, clean neutral background, ecommerce catalog, front three-quarter view, no logo, 1:1","NovaTek 5G Smartphone, front three-quarter product view",card-tilt,YES,"Synthetic proof-of-concept record; replace price, stock, brand and media before production"
BE-0017,Cobalt Feature Phone FEA-1017,Mobiles,Cobalt,FEA-1017,7399,6070,1,39,4.3,"premium studio product photograph of a feature phone, clean neutral background, ecommerce catalog, front three-quarter view, no logo, 1:1","Cobalt Feature Phone, front three-quarter product view",slow-360-spin,YES,"Synthetic proof-of-concept record; replace price, stock, brand and media before production"
BE-0018,Astra Rugged Smartphone RUG-1018,Mobiles,Astra,RUG-1018,8349,6850,1,46,4.4,"premium studio product photograph of a rugged smartphone, clean neutral background, ecommerce catalog, front three-quarter view, no logo, 1:1","Astra Rugged Smartphone, front three-quarter product view",hotspot-reveal,YES,"Synthetic proof-of-concept record; replace price, stock, brand and media before production"
BE-0019,Orbis 5G Smartphone GSM-1019,Mobiles,Orbis,GSM-1019,9299,7630,1,53,4.5,"premium studio product photograph of a 5g smartphone, clean neutral background, ecommerce catalog, front three-quarter view, no logo, 1:1","Orbis 5G Smartphone, front three-quarter product view",parallax-depth,YES,"Synthetic proof-of-concept record; replace price, stock, brand and media before production"
BE-0020,IndusTech Feature Phone FEA-1020,Mobiles,IndusTech,FEA-1020,9249,7580,1,60,4.6,"premium studio product photograph of a feature phone, clean neutral background, ecommerce catalog, front three-quarter view, no logo, 1:1","IndusTech Feature Phone, front three-quarter product view",color-swap,YES,"Synthetic proof-of-concept record; replace price, stock, brand and media before production"
BE-0021,NovaTek Rugged Smartphone RUG-1021,Mobiles,NovaTek,RUG-1021,10199,8360,1,67,4.7,"premium studio product photograph of a rugged smartphone, clean neutral background, ecommerce catalog, front three-quarter view, no logo, 1:1","NovaTek Rugged Smartphone, front three-quarter product view",exploded-view,YES,"Synthetic proof-of-concept record; replace price, stock, brand and media before production"
BE-0022,Cobalt 5G Smartphone GSM-1022,Mobiles,Cobalt,GSM-1022,11149,9140,1,74,4.8,"premium studio product photograph of a 5g smartphone, clean neutral background, ecommerce catalog, front three-quarter view, no logo, 1:1","Cobalt 5G Smartphone, front three-quarter product view",light-sweep,YES,"Synthetic proof-of-concept record; replace price, stock, brand and media before production"
BE-0023,Astra Feature Phone FEA-1023,Mobiles,Astra,FEA-1023,12099,9920,1,81,4.9,"premium studio product photograph of a feature phone, clean neutral background, ecommerce catalog, front three-quarter view, no logo, 1:1","Astra Feature Phone, front three-quarter product view",none-reduced-motion,YES,"Synthetic proof-of-concept record; replace price, stock, brand and media before production"
BE-0024,Orbis Rugged Smartphone RUG-1024,Mobiles,Orbis,RUG-1024,13049,10700,1,5,3.8,"premium studio product photograph of a rugged smartphone, clean neutral background, ecommerce catalog, front three-quarter view, no logo, 1:1","Orbis Rugged Smartphone, front three-quarter product view",card-tilt,YES,"Synthetic proof-of-concept record; replace price, stock, brand and media before production"
BE-0025,IndusTech 5G Smartphone GSM-1025,Mobiles,IndusTech,GSM-1025,6999,5740,1,12,3.9,"premium studio product photograph of a 5g smartphone, clean neutral background, ecommerce catalog, front three-quarter view, no logo, 1:1","IndusTech 5G Smartphone, front three-quarter product view",slow-360-spin,YES,"Synthetic proof-of-concept record; replace price, stock, brand and media before production"
BE-0026,NovaTek Feature Phone FEA-1026,Mobiles,NovaTek,FEA-1026,7949,6520,1,19,4.0,"premium studio product photograph of a feature phone, clean neutral background, ecommerce catalog, front three-quarter view, no logo, 1:1","NovaTek Feature Phone, front three-quarter product view",hotspot-reveal,YES,"Synthetic proof-of-concept record; replace price, stock, brand and media before production"
BE-0027,Cobalt Rugged Smartphone RUG-1027,Mobiles,Cobalt,RUG-1027,8899,7300,1,26,4.1,"premium studio product photograph of a rugged smartphone, clean neutral background, ecommerce catalog, front three-quarter view, no logo, 1:1","Cobalt Rugged Smartphone, front three-quarter product view",parallax-depth,YES,"Synthetic proof-of-concept record; replace price, stock, brand and media before production"
BE-0028,Astra 5G Smartphone GSM-1028,Mobiles,Astra,GSM-1028,9849,8080,1,33,4.2,"premium studio product photograph of a 5g smartphone, clean neutral background, ecommerce catalog, front three-quarter view, no logo, 1:1","Astra 5G Smartphone, front three-quarter product view",color-swap,YES,"Synthetic proof-of-concept record; replace price, stock, brand and media before production"
BE-0029,Orbis Feature Phone FEA-1029,Mobiles,Orbis,FEA-1029,10799,8860,1,40,4.3,"premium studio product photograph of a feature phone, clean neutral background, ecommerce catalog, front three-quarter view, no logo, 1:1","Orbis Feature Phone, front three-quarter product view",exploded-view,YES,"Synthetic proof-of-concept record; replace price, stock, brand and media before production"
BE-0030,IndusTech Rugged Smartphone RUG-1030,Mobiles,IndusTech,RUG-1030,10749,8810,1,47,4.4,"premium studio product photograph of a rugged smartphone, clean neutral background, ecommerce catalog, front three-quarter view, no logo, 1:1","IndusTech Rugged Smartphone, front three-quarter product view",light-sweep,YES,"Synthetic proof-of-concept record; replace price, stock, brand and media before production"
BE-0031,NovaTek 5G Smartphone GSM-1031,Mobiles,NovaTek,GSM-1031,11699,9590,1,54,4.5,"premium studio product photograph of a 5g smartphone, clean neutral background, ecommerce catalog, front three-quarter view, no logo, 1:1","NovaTek 5G Smartphone, front three-quarter product view",none-reduced-motion,YES,"Synthetic proof-of-concept record; replace price, stock, brand and media before production"
BE-0032,Cobalt Feature Phone FEA-1032,Mobiles,Cobalt,FEA-1032,12649,10370,1,61,4.6,"premium studio product photograph of a feature phone, clean neutral background, ecommerce catalog, front three-quarter view, no logo, 1:1","Cobalt Feature Phone, front three-quarter product view",card-tilt,YES,"Synthetic proof-of-concept record; replace price, stock, brand and media before production"
BE-0033,IndusTech Everyday Laptop EVE-1033,Laptops & Tablets,IndusTech,EVE-1033,19599,16070,1,68,4.7,"premium studio product photograph of a everyday laptop, clean neutral background, ecommerce catalog, front three-quarter view, no logo, 1:1","IndusTech Everyday Laptop, front three-quarter product view",slow-360-spin,YES,"Synthetic proof-of-concept record; replace price, stock, brand and media before production"
BE-0034,NovaTek Business Laptop BUS-1034,Laptops & Tablets,NovaTek,BUS-1034,20549,16850,1,75,4.8,"premium studio product photograph of a business laptop, clean neutral background, ecommerce catalog, front three-quarter view, no logo, 1:1","NovaTek Business Laptop, front three-quarter product view",hotspot-reveal,YES,"Synthetic proof-of-concept record; replace price, stock, brand and media before production"
BE-0035,Cobalt Gaming Laptop GAM-1035,Laptops & Tablets,Cobalt,GAM-1035,20499,16810,1,82,4.9,"premium studio product photograph of a gaming laptop, clean neutral background, ecommerce catalog, front three-quarter view, no logo, 1:1","Cobalt Gaming Laptop, front three-quarter product view",parallax-depth,YES,"Synthetic proof-of-concept record; replace price, stock, brand and media before production"
BE-0036,Astra Android Tablet AND-1036,Laptops & Tablets,Astra,AND-1036,21449,17590,1,6,3.8,"premium studio product photograph of a android tablet, clean neutral background, ecommerce catalog, front three-quarter view, no logo, 1:1","Astra Android Tablet, front three-quarter product view",color-swap,YES,"Synthetic proof-of-concept record; replace price, stock, brand and media before production"
BE-0037,Orbis Everyday Laptop EVE-1037,Laptops & Tablets,Orbis,EVE-1037,22399,18370,1,13,3.9,"premium studio product photograph of a everyday laptop, clean neutral background, ecommerce catalog, front three-quarter view, no logo, 1:1","Orbis Everyday Laptop, front three-quarter product view",exploded-view,YES,"Synthetic proof-of-concept record; replace price, stock, brand and media before production"
BE-0038,IndusTech Business Laptop BUS-1038,Laptops & Tablets,IndusTech,BUS-1038,23349,19150,1,20,4.0,"premium studio product photograph of a business laptop, clean neutral background, ecommerce catalog, front three-quarter view, no logo, 1:1","IndusTech Business Laptop, front three-quarter product view",light-sweep,YES,"Synthetic proof-of-concept record; replace price, stock, brand and media before production"
BE-0039,NovaTek Gaming Laptop GAM-1039,Laptops & Tablets,NovaTek,GAM-1039,24299,19930,1,27,4.1,"premium studio product photograph of a gaming laptop, clean neutral background, ecommerce catalog, front three-quarter view, no logo, 1:1","NovaTek Gaming Laptop, front three-quarter product view",none-reduced-motion,YES,"Synthetic proof-of-concept record; replace price, stock, brand and media before production"
BE-0040,Cobalt Android Tablet AND-1040,Laptops & Tablets,Cobalt,AND-1040,24249,19880,1,34,4.2,"premium studio product photograph of a android tablet, clean neutral background, ecommerce catalog, front three-quarter view, no logo, 1:1","Cobalt Android Tablet, front three-quarter product view",card-tilt,YES,"Synthetic proof-of-concept record; replace price, stock, brand and media before production"
BE-0041,Astra Everyday Laptop EVE-1041,Laptops & Tablets,Astra,EVE-1041,19199,15740,1,41,4.3,"premium studio product photograph of a everyday laptop, clean neutral background, ecommerce catalog, front three-quarter view, no logo, 1:1","Astra Everyday Laptop, front three-quarter product view",slow-360-spin,YES,"Synthetic proof-of-concept record; replace price, stock, brand and media before production"
BE-0042,Orbis Business Laptop BUS-1042,Laptops & Tablets,Orbis,BUS-1042,20149,16520,1,48,4.4,"premium studio product photograph of a business laptop, clean neutral background, ecommerce catalog, front three-quarter view, no logo, 1:1","Orbis Business Laptop, front three-quarter product view",hotspot-reveal,YES,"Synthetic proof-of-concept record; replace price, stock, brand and media before production"
BE-0043,IndusTech Gaming Laptop GAM-1043,Laptops & Tablets,IndusTech,GAM-1043,21099,17300,1,55,4.5,"premium studio product photograph of a gaming laptop, clean neutral background, ecommerce catalog, front three-quarter view, no logo, 1:1","IndusTech Gaming Laptop, front three-quarter product view",parallax-depth,YES,"Synthetic proof-of-concept record; replace price, stock, brand and media before production"
BE-0044,NovaTek Android Tablet AND-1044,Laptops & Tablets,NovaTek,AND-1044,22049,18080,1,62,4.6,"premium studio product photograph of a android tablet, clean neutral background, ecommerce catalog, front three-quarter view, no logo, 1:1","NovaTek Android Tablet, front three-quarter product view",color-swap,YES,"Synthetic proof-of-concept record; replace price, stock, brand and media before production"
BE-0045,Cobalt Everyday Laptop EVE-1045,Laptops & Tablets,Cobalt,EVE-1045,21999,18040,1,69,4.7,"premium studio product photograph of a everyday laptop, clean neutral background, ecommerce catalog, front three-quarter view, no logo, 1:1","Cobalt Everyday Laptop, front three-quarter product view",exploded-view,YES,"Synthetic proof-of-concept record; replace price, stock, brand and media before production"
BE-0046,Astra Business Laptop BUS-1046,Laptops & Tablets,Astra,BUS-1046,22949,18820,1,76,4.8,"premium studio product photograph of a business laptop, clean neutral background, ecommerce catalog, front three-quarter view, no logo, 1:1","Astra Business Laptop, front three-quarter product view",light-sweep,YES,"Synthetic proof-of-concept record; replace price, stock, brand and media before production"
BE-0047,Orbis Gaming Laptop GAM-1047,Laptops & Tablets,Orbis,GAM-1047,23899,19600,1,83,4.9,"premium studio product photograph of a gaming laptop, clean neutral background, ecommerce catalog, front three-quarter view, no logo, 1:1","Orbis Gaming Laptop, front three-quarter product view",none-reduced-motion,YES,"Synthetic proof-of-concept record; replace price, stock, brand and media before production"
BE-0048,IndusTech Android Tablet AND-1048,Laptops & Tablets,IndusTech,AND-1048,24849,20380,1,7,3.8,"premium studio product photograph of a android tablet, clean neutral background, ecommerce catalog, front three-quarter view, no logo, 1:1","IndusTech Android Tablet, front three-quarter product view",card-tilt,YES,"Synthetic proof-of-concept record; replace price, stock, brand and media before production"
BE-0049,NovaTek Everyday Laptop EVE-1049,Laptops & Tablets,NovaTek,EVE-1049,19799,16240,1,14,3.9,"premium studio product photograph of a everyday laptop, clean neutral background, ecommerce catalog, front three-quarter view, no logo, 1:1","NovaTek Everyday Laptop, front three-quarter product view",slow-360-spin,YES,"Synthetic proof-of-concept record; replace price, stock, brand and media before production"
BE-0050,Cobalt Business Laptop BUS-1050,Laptops & Tablets,Cobalt,BUS-1050,19749,16190,1,21,4.0,"premium studio product photograph of a business laptop, clean neutral background, ecommerce catalog, front three-quarter view, no logo, 1:1","Cobalt Business Laptop, front three-quarter product view",hotspot-reveal,YES,"Synthetic proof-of-concept record; replace price, stock, brand and media before production"
BE-0051,Astra Gaming Laptop GAM-1051,Laptops & Tablets,Astra,GAM-1051,20699,16970,1,28,4.1,"premium studio product photograph of a gaming laptop, clean neutral background, ecommerce catalog, front three-quarter view, no logo, 1:1","Astra Gaming Laptop, front three-quarter product view",parallax-depth,YES,"Synthetic proof-of-concept record; replace price, stock, brand and media before production"
BE-0052,Orbis Android Tablet AND-1052,Laptops & Tablets,Orbis,AND-1052,21649,17750,1,35,4.2,"premium studio product photograph of a android tablet, clean neutral background, ecommerce catalog, front three-quarter view, no logo, 1:1","Orbis Android Tablet, front three-quarter product view",color-swap,YES,"Synthetic proof-of-concept record; replace price, stock, brand and media before production"
BE-0053,IndusTech Everyday Laptop EVE-1053,Laptops & Tablets,IndusTech,EVE-1053,22599,18530,1,42,4.3,"premium studio product photograph of a everyday laptop, clean neutral background, ecommerce catalog, front three-quarter view, no logo, 1:1","IndusTech Everyday Laptop, front three-quarter product view",exploded-view,YES,"Synthetic proof-of-concept record; replace price, stock, brand and media before production"
BE-0054,NovaTek Business Laptop BUS-1054,Laptops & Tablets,NovaTek,BUS-1054,23549,19310,1,49,4.4,"premium studio product photograph of a business laptop, clean neutral background, ecommerce catalog, front three-quarter view, no logo, 1:1","NovaTek Business Laptop, front three-quarter product view",light-sweep,YES,"Synthetic proof-of-concept record; replace price, stock, brand and media before production"
BE-0055,Cobalt Gaming Laptop GAM-1055,Laptops & Tablets,Cobalt,GAM-1055,23499,19270,1,56,4.5,"premium studio product photograph of a gaming laptop, clean neutral background, ecommerce catalog, front three-quarter view, no logo, 1:1","Cobalt Gaming Laptop, front three-quarter product view",none-reduced-motion,YES,"Synthetic proof-of-concept record; replace price, stock, brand and media before production"
BE-0056,Astra Android Tablet AND-1056,Laptops & Tablets,Astra,AND-1056,24449,20050,1,63,4.6,"premium studio product photograph of a android tablet, clean neutral background, ecommerce catalog, front three-quarter view, no logo, 1:1","Astra Android Tablet, front three-quarter product view",card-tilt,YES,"Synthetic proof-of-concept record; replace price, stock, brand and media before production"
BE-0057,Orbis Everyday Laptop EVE-1057,Laptops & Tablets,Orbis,EVE-1057,19399,15910,1,70,4.7,"premium studio product photograph of a everyday laptop, clean neutral background, ecommerce catalog, front three-quarter view, no logo, 1:1","Orbis Everyday Laptop, front three-quarter product view",slow-360-spin,YES,"Synthetic proof-of-concept record; replace price, stock, brand and media before production"
BE-0058,IndusTech Business Laptop BUS-1058,Laptops & Tablets,IndusTech,BUS-1058,20349,16690,1,77,4.8,"premium studio product photograph of a business laptop, clean neutral background, ecommerce catalog, front three-quarter view, no logo, 1:1","IndusTech Business Laptop, front three-quarter product view",hotspot-reveal,YES,"Synthetic proof-of-concept record; replace price, stock, brand and media before production"
BE-0059,NovaTek Gaming Laptop GAM-1059,Laptops & Tablets,NovaTek,GAM-1059,21299,17470,1,84,4.9,"premium studio product photograph of a gaming laptop, clean neutral background, ecommerce catalog, front three-quarter view, no logo, 1:1","NovaTek Gaming Laptop, front three-quarter product view",parallax-depth,YES,"Synthetic proof-of-concept record; replace price, stock, brand and media before production"
BE-0060,Cobalt Android Tablet AND-1060,Laptops & Tablets,Cobalt,AND-1060,21249,17420,1,8,3.8,"premium studio product photograph of a android tablet, clean neutral background, ecommerce catalog, front three-quarter view, no logo, 1:1","Cobalt Android Tablet, front three-quarter product view",color-swap,YES,"Synthetic proof-of-concept record; replace price, stock, brand and media before production"
BE-0061,Astra Everyday Laptop EVE-1061,Laptops & Tablets,Astra,EVE-1061,22199,18200,1,15,3.9,"premium studio product photograph of a everyday laptop, clean neutral background, ecommerce catalog, front three-quarter view, no logo, 1:1","Astra Everyday Laptop, front three-quarter product view",exploded-view,YES,"Synthetic proof-of-concept record; replace price, stock, brand and media before production"
BE-0062,Orbis Business Laptop BUS-1062,Laptops & Tablets,Orbis,BUS-1062,23149,18980,1,22,4.0,"premium studio product photograph of a business laptop, clean neutral background, ecommerce catalog, front three-quarter view, no logo, 1:1","Orbis Business Laptop, front three-quarter product view",light-sweep,YES,"Synthetic proof-of-concept record; replace price, stock, brand and media before production"
BE-0063,IndusTech Gaming Laptop GAM-1063,Laptops & Tablets,IndusTech,GAM-1063,24099,19760,1,29,4.1,"premium studio product photograph of a gaming laptop, clean neutral background, ecommerce catalog, front three-quarter view, no logo, 1:1","IndusTech Gaming Laptop, front three-quarter product view",none-reduced-motion,YES,"Synthetic proof-of-concept record; replace price, stock, brand and media before production"
BE-0064,NovaTek Android Tablet AND-1064,Laptops & Tablets,NovaTek,AND-1064,25049,20540,1,36,4.2,"premium studio product photograph of a android tablet, clean neutral background, ecommerce catalog, front three-quarter view, no logo, 1:1","NovaTek Android Tablet, front three-quarter product view",card-tilt,YES,"Synthetic proof-of-concept record; replace price, stock, brand and media before production"
BE-0065,Cobalt Everyday Laptop EVE-1065,Laptops & Tablets,Cobalt,EVE-1065,18999,15580,1,43,4.3,"premium studio product photograph of a everyday laptop, clean neutral background, ecommerce catalog, front three-quarter view, no logo, 1:1","Cobalt Everyday Laptop, front three-quarter product view",slow-360-spin,YES,"Synthetic proof-of-concept record; replace price, stock, brand and media before production"
BE-0066,Astra Business Laptop BUS-1066,Laptops & Tablets,Astra,BUS-1066,19949,16360,1,50,4.4,"premium studio product photograph of a business laptop, clean neutral background, ecommerce catalog, front three-quarter view, no logo, 1:1","Astra Business Laptop, front three-quarter product view",hotspot-reveal,YES,"Synthetic proof-of-concept record; replace price, stock, brand and media before production"
BE-0067,Astra Desktop PC DES-1067,Desktop & Components,Astra,DES-1067,1899,1560,1,57,4.5,"premium studio product photograph of a desktop pc, clean neutral background, ecommerce catalog, front three-quarter view, no logo, 1:1","Astra Desktop PC, front three-quarter product view",parallax-depth,YES,"Synthetic proof-of-concept record; replace price, stock, brand and media before production"
BE-0068,Orbis Motherboard MOT-1068,Desktop & Components,Orbis,MOT-1068,2849,2340,1,64,4.6,"premium studio product photograph of a motherboard, clean neutral background, ecommerce catalog, front three-quarter view, no logo, 1:1","Orbis Motherboard, front three-quarter product view",color-swap,YES,"Synthetic proof-of-concept record; replace price, stock, brand and media before production"
BE-0069,IndusTech Graphics Card GRA-1069,Desktop & Components,IndusTech,GRA-1069,3799,3120,1,71,4.7,"premium studio product photograph of a graphics card, clean neutral background, ecommerce catalog, front three-quarter view, no logo, 1:1","IndusTech Graphics Card, front three-quarter product view",exploded-view,YES,"Synthetic proof-of-concept record; replace price, stock, brand and media before production"
BE-0070,NovaTek NVMe SSD NVM-1070,Desktop & Components,NovaTek,NVM-1070,3749,3070,1,78,4.8,"premium studio product photograph of a nvme ssd, clean neutral background, ecommerce catalog, front three-quarter view, no logo, 1:1","NovaTek NVMe SSD, front three-quarter product view",light-sweep,YES,"Synthetic proof-of-concept record; replace price, stock, brand and media before production"
BE-0071,Cobalt DDR5 RAM DDR-1071,Desktop & Components,Cobalt,DDR-1071,4699,3850,1,85,4.9,"premium studio product photograph of a ddr5 ram, clean neutral background, ecommerce catalog, front three-quarter view, no logo, 1:1","Cobalt DDR5 RAM, front three-quarter product view",none-reduced-motion,YES,"Synthetic proof-of-concept record; replace price, stock, brand and media before production"
BE-0072,Astra Power Supply POW-1072,Desktop & Components,Astra,POW-1072,5649,4630,1,9,3.8,"premium studio product photograph of a power supply, clean neutral background, ecommerce catalog, front three-quarter view, no logo, 1:1","Astra Power Supply, front three-quarter product view",card-tilt,YES,"Synthetic proof-of-concept record; replace price, stock, brand and media before production"
BE-0073,Orbis Desktop PC DES-1073,Desktop & Components,Orbis,DES-1073,6599,5410,1,16,3.9,"premium studio product photograph of a desktop pc, clean neutral background, ecommerce catalog, front three-quarter view, no logo, 1:1","Orbis Desktop PC, front three-quarter product view",slow-360-spin,YES,"Synthetic proof-of-concept record; replace price, stock, brand and media before production"
BE-0074,IndusTech Motherboard MOT-1074,Desktop & Components,IndusTech,MOT-1074,7549,6190,1,23,4.0,"premium studio product photograph of a motherboard, clean neutral background, ecommerce catalog, front three-quarter view, no logo, 1:1","IndusTech Motherboard, front three-quarter product view",hotspot-reveal,YES,"Synthetic proof-of-concept record; replace price, stock, brand and media before production"
BE-0075,NovaTek Graphics Card GRA-1075,Desktop & Components,NovaTek,GRA-1075,1499,1230,1,30,4.1,"premium studio product photograph of a graphics card, clean neutral background, ecommerce catalog, front three-quarter view, no logo, 1:1","NovaTek Graphics Card, front three-quarter product view",parallax-depth,YES,"Synthetic proof-of-concept record; replace price, stock, brand and media before production"
BE-0076,Cobalt NVMe SSD NVM-1076,Desktop & Components,Cobalt,NVM-1076,2449,2010,1,37,4.2,"premium studio product photograph of a nvme ssd, clean neutral background, ecommerce catalog, front three-quarter view, no logo, 1:1","Cobalt NVMe SSD, front three-quarter product view",color-swap,YES,"Synthetic proof-of-concept record; replace price, stock, brand and media before production"
BE-0077,Astra DDR5 RAM DDR-1077,Desktop & Components,Astra,DDR-1077,3399,2790,1,44,4.3,"premium studio product photograph of a ddr5 ram, clean neutral background, ecommerce catalog, front three-quarter view, no logo, 1:1","Astra DDR5 RAM, front three-quarter product view",exploded-view,YES,"Synthetic proof-of-concept record; replace price, stock, brand and media before production"
BE-0078,Orbis Power Supply POW-1078,Desktop & Components,Orbis,POW-1078,4349,3570,1,51,4.4,"premium studio product photograph of a power supply, clean neutral background, ecommerce catalog, front three-quarter view, no logo, 1:1","Orbis Power Supply, front three-quarter product view",light-sweep,YES,"Synthetic proof-of-concept record; replace price, stock, brand and media before production"
BE-0079,IndusTech Desktop PC DES-1079,Desktop & Components,IndusTech,DES-1079,5299,4350,1,58,4.5,"premium studio product photograph of a desktop pc, clean neutral background, ecommerce catalog, front three-quarter view, no logo, 1:1","IndusTech Desktop PC, front three-quarter product view",none-reduced-motion,YES,"Synthetic proof-of-concept record; replace price, stock, brand and media before production"
BE-0080,NovaTek Motherboard MOT-1080,Desktop & Components,NovaTek,MOT-1080,5249,4300,1,65,4.6,"premium studio product photograph of a motherboard, clean neutral background, ecommerce catalog, front three-quarter view, no logo, 1:1","NovaTek Motherboard, front three-quarter product view",card-tilt,YES,"Synthetic proof-of-concept record; replace price, stock, brand and media before production"
BE-0081,Cobalt Graphics Card GRA-1081,Desktop & Components,Cobalt,GRA-1081,6199,5080,1,72,4.7,"premium studio product photograph of a graphics card, clean neutral background, ecommerce catalog, front three-quarter view, no logo, 1:1","Cobalt Graphics Card, front three-quarter product view",slow-360-spin,YES,"Synthetic proof-of-concept record; replace price, stock, brand and media before production"
BE-0082,Astra NVMe SSD NVM-1082,Desktop & Components,Astra,NVM-1082,7149,5860,1,79,4.8,"premium studio product photograph of a nvme ssd, clean neutral background, ecommerce catalog, front three-quarter view, no logo, 1:1","Astra NVMe SSD, front three-quarter product view",hotspot-reveal,YES,"Synthetic proof-of-concept record; replace price, stock, brand and media before production"
BE-0083,Orbis DDR5 RAM DDR-1083,Desktop & Components,Orbis,DDR-1083,2099,1720,1,3,4.9,"premium studio product photograph of a ddr5 ram, clean neutral background, ecommerce catalog, front three-quarter view, no logo, 1:1","Orbis DDR5 RAM, front three-quarter product view",parallax-depth,YES,"Synthetic proof-of-concept record; replace price, stock, brand and media before production"
BE-0084,IndusTech Power Supply POW-1084,Desktop & Components,IndusTech,POW-1084,3049,2500,1,10,3.8,"premium studio product photograph of a power supply, clean neutral background, ecommerce catalog, front three-quarter view, no logo, 1:1","IndusTech Power Supply, front three-quarter product view",color-swap,YES,"Synthetic proof-of-concept record; replace price, stock, brand and media before production"
BE-0085,NovaTek Desktop PC DES-1085,Desktop & Components,NovaTek,DES-1085,2999,2460,1,17,3.9,"premium studio product photograph of a desktop pc, clean neutral background, ecommerce catalog, front three-quarter view, no logo, 1:1","NovaTek Desktop PC, front three-quarter product view",exploded-view,YES,"Synthetic proof-of-concept record; replace price, stock, brand and media before production"
BE-0086,Cobalt Motherboard MOT-1086,Desktop & Components,Cobalt,MOT-1086,3949,3240,1,24,4.0,"premium studio product photograph of a motherboard, clean neutral background, ecommerce catalog, front three-quarter view, no logo, 1:1","Cobalt Motherboard, front three-quarter product view",light-sweep,YES,"Synthetic proof-of-concept record; replace price, stock, brand and media before production"
BE-0087,Astra Graphics Card GRA-1087,Desktop & Components,Astra,GRA-1087,4899,4020,1,31,4.1,"premium studio product photograph of a graphics card, clean neutral background, ecommerce catalog, front three-quarter view, no logo, 1:1","Astra Graphics Card, front three-quarter product view",none-reduced-motion,YES,"Synthetic proof-of-concept record; replace price, stock, brand and media before production"
BE-0088,Orbis NVMe SSD NVM-1088,Desktop & Components,Orbis,NVM-1088,5849,4800,1,38,4.2,"premium studio product photograph of a nvme ssd, clean neutral background, ecommerce catalog, front three-quarter view, no logo, 1:1","Orbis NVMe SSD, front three-quarter product view",card-tilt,YES,"Synthetic proof-of-concept record; replace price, stock, brand and media before production"
BE-0089,IndusTech DDR5 RAM DDR-1089,Desktop & Components,IndusTech,DDR-1089,6799,5580,1,45,4.3,"premium studio product photograph of a ddr5 ram, clean neutral background, ecommerce catalog, front three-quarter view, no logo, 1:1","IndusTech DDR5 RAM, front three-quarter product view",slow-360-spin,YES,"Synthetic proof-of-concept record; replace price, stock, brand and media before production"
BE-0090,NovaTek Power Supply POW-1090,Desktop & Components,NovaTek,POW-1090,6749,5530,1,52,4.4,"premium studio product photograph of a power supply, clean neutral background, ecommerce catalog, front three-quarter view, no logo, 1:1","NovaTek Power Supply, front three-quarter product view",hotspot-reveal,YES,"Synthetic proof-of-concept record; replace price, stock, brand and media before production"
BE-0091,Cobalt Desktop PC DES-1091,Desktop & Components,Cobalt,DES-1091,1699,1390,1,59,4.5,"premium studio product photograph of a desktop pc, clean neutral background, ecommerce catalog, front three-quarter view, no logo, 1:1","Cobalt Desktop PC, front three-quarter product view",parallax-depth,YES,"Synthetic proof-of-concept record; replace price, stock, brand and media before production"
BE-0092,Astra Motherboard MOT-1092,Desktop & Components,Astra,MOT-1092,2649,2170,1,66,4.6,"premium studio product photograph of a motherboard, clean neutral background, ecommerce catalog, front three-quarter view, no logo, 1:1","Astra Motherboard, front three-quarter product view",color-swap,YES,"Synthetic proof-of-concept record; replace price, stock, brand and media before production"
BE-0093,Orbis Graphics Card GRA-1093,Desktop & Components,Orbis,GRA-1093,3599,2950,1,73,4.7,"premium studio product photograph of a graphics card, clean neutral background, ecommerce catalog, front three-quarter view, no logo, 1:1","Orbis Graphics Card, front three-quarter product view",exploded-view,YES,"Synthetic proof-of-concept record; replace price, stock, brand and media before production"
BE-0094,IndusTech NVMe SSD NVM-1094,Desktop & Components,IndusTech,NVM-1094,4549,3730,1,80,4.8,"premium studio product photograph of a nvme ssd, clean neutral background, ecommerce catalog, front three-quarter view, no logo, 1:1","IndusTech NVMe SSD, front three-quarter product view",light-sweep,YES,"Synthetic proof-of-concept record; replace price, stock, brand and media before production"
BE-0095,NovaTek DDR5 RAM DDR-1095,Desktop & Components,NovaTek,DDR-1095,4499,3690,1,4,4.9,"premium studio product photograph of a ddr5 ram, clean neutral background, ecommerce catalog, front three-quarter view, no logo, 1:1","NovaTek DDR5 RAM, front three-quarter product view",none-reduced-motion,YES,"Synthetic proof-of-concept record; replace price, stock, brand and media before production"
BE-0096,Cobalt Power Supply POW-1096,Desktop & Components,Cobalt,POW-1096,5449,4470,1,11,3.8,"premium studio product photograph of a power supply, clean neutral background, ecommerce catalog, front three-quarter view, no logo, 1:1","Cobalt Power Supply, front three-quarter product view",card-tilt,YES,"Synthetic proof-of-concept record; replace price, stock, brand and media before production"
BE-0097,Astra Desktop PC DES-1097,Desktop & Components,Astra,DES-1097,6399,5250,1,18,3.9,"premium studio product photograph of a desktop pc, clean neutral background, ecommerce catalog, front three-quarter view, no logo, 1:1","Astra Desktop PC, front three-quarter product view",slow-360-spin,YES,"Synthetic proof-of-concept record; replace price, stock, brand and media before production"
BE-0098,Orbis Motherboard MOT-1098,Desktop & Components,Orbis,MOT-1098,7349,6030,1,25,4.0,"premium studio product photograph of a motherboard, clean neutral background, ecommerce catalog, front three-quarter view, no logo, 1:1","Orbis Motherboard, front three-quarter product view",hotspot-reveal,YES,"Synthetic proof-of-concept record; replace price, stock, brand and media before production"
BE-0099,IndusTech Graphics Card GRA-1099,Desktop & Components,IndusTech,GRA-1099,2299,1890,1,32,4.1,"premium studio product photograph of a graphics card, clean neutral background, ecommerce catalog, front three-quarter view, no logo, 1:1","IndusTech Graphics Card, front three-quarter product view",parallax-depth,YES,"Synthetic proof-of-concept record; replace price, stock, brand and media before production"
BE-0100,NovaTek NVMe SSD NVM-1100,Desktop & Components,NovaTek,NVM-1100,2249,1840,1,39,4.2,"premium studio product photograph of a nvme ssd, clean neutral background, ecommerce catalog, front three-quarter view, no logo, 1:1","NovaTek NVMe SSD, front three-quarter product view",color-swap,YES,"Synthetic proof-of-concept record; replace price, stock, brand and media before production"
BE-0101,Cobalt DDR5 RAM DDR-1101,Desktop & Components,Cobalt,DDR-1101,3199,2620,1,46,4.3,"premium studio product photograph of a ddr5 ram, clean neutral background, ecommerce catalog, front three-quarter view, no logo, 1:1","Cobalt DDR5 RAM, front three-quarter product view",exploded-view,YES,"Synthetic proof-of-concept record; replace price, stock, brand and media before production"
BE-0102,Astra Power Supply POW-1102,Desktop & Components,Astra,POW-1102,4149,3400,1,53,4.4,"premium studio product photograph of a power supply, clean neutral background, ecommerce catalog, front three-quarter view, no logo, 1:1","Astra Power Supply, front three-quarter product view",light-sweep,YES,"Synthetic proof-of-concept record; replace price, stock, brand and media before production"
BE-0103,IndusTech 4K Smart TV KSM-1103,TV & Home Theatre,IndusTech,KSM-1103,5599,4590,1,60,4.5,"premium studio product photograph of a 4k smart tv, clean neutral background, ecommerce catalog, front three-quarter view, no logo, 1:1","IndusTech 4K Smart TV, front three-quarter product view",none-reduced-motion,YES,"Synthetic proof-of-concept record; replace price, stock, brand and media before production"
BE-0104,NovaTek QLED TV QLE-1104,TV & Home Theatre,NovaTek,QLE-1104,6549,5370,1,67,4.6,"premium studio product photograph of a qled tv, clean neutral background, ecommerce catalog, front three-quarter view, no logo, 1:1","NovaTek QLED TV, front three-quarter product view",card-tilt,YES,"Synthetic proof-of-concept record; replace price, stock, brand and media before production"
BE-0105,Cobalt OLED TV OLE-1105,TV & Home Theatre,Cobalt,OLE-1105,6499,5330,1,74,4.7,"premium studio product photograph of a oled tv, clean neutral background, ecommerce catalog, front three-quarter view, no logo, 1:1","Cobalt OLED TV, front three-quarter product view",slow-360-spin,YES,"Synthetic proof-of-concept record; replace price, stock, brand and media before production"
BE-0106,Astra Soundbar SOU-1106,TV & Home Theatre,Astra,SOU-1106,7449,6110,1,81,4.8,"premium studio product photograph of a soundbar, clean neutral background, ecommerce catalog, front three-quarter view, no logo, 1:1","Astra Soundbar, front three-quarter product view",hotspot-reveal,YES,"Synthetic proof-of-concept record; replace price, stock, brand and media before production"
BE-0107,Orbis Home Theatre HOM-1107,TV & Home Theatre,Orbis,HOM-1107,8399,6890,1,5,4.9,"premium studio product photograph of a home theatre, clean neutral background, ecommerce catalog, front three-quarter view, no logo, 1:1","Orbis Home Theatre, front three-quarter product view",parallax-depth,YES,"Synthetic proof-of-concept record; replace price, stock, brand and media before production"
BE-0108,IndusTech 4K Smart TV KSM-1108,TV & Home Theatre,IndusTech,KSM-1108,9349,7670,1,12,3.8,"premium studio product photograph of a 4k smart tv, clean neutral background, ecommerce catalog, front three-quarter view, no logo, 1:1","IndusTech 4K Smart TV, front three-quarter product view",color-swap,YES,"Synthetic proof-of-concept record; replace price, stock, brand and media before production"
BE-0109,NovaTek QLED TV QLE-1109,TV & Home Theatre,NovaTek,QLE-1109,10299,8450,1,19,3.9,"premium studio product photograph of a qled tv, clean neutral background, ecommerce catalog, front three-quarter view, no logo, 1:1","NovaTek QLED TV, front three-quarter product view",exploded-view,YES,"Synthetic proof-of-concept record; replace price, stock, brand and media before production"
BE-0110,Cobalt OLED TV OLE-1110,TV & Home Theatre,Cobalt,OLE-1110,10249,8400,1,26,4.0,"premium studio product photograph of a oled tv, clean neutral background, ecommerce catalog, front three-quarter view, no logo, 1:1","Cobalt OLED TV, front three-quarter product view",light-sweep,YES,"Synthetic proof-of-concept record; replace price, stock, brand and media before production"
BE-0111,Astra Soundbar SOU-1111,TV & Home Theatre,Astra,SOU-1111,5199,4260,1,33,4.1,"premium studio product photograph of a soundbar, clean neutral background, ecommerce catalog, front three-quarter view, no logo, 1:1","Astra Soundbar, front three-quarter product view",none-reduced-motion,YES,"Synthetic proof-of-concept record; replace price, stock, brand and media before production"
BE-0112,Orbis Home Theatre HOM-1112,TV & Home Theatre,Orbis,HOM-1112,6149,5040,1,40,4.2,"premium studio product photograph of a home theatre, clean neutral background, ecommerce catalog, front three-quarter view, no logo, 1:1","Orbis Home Theatre, front three-quarter product view",card-tilt,YES,"Synthetic proof-of-concept record; replace price, stock, brand and media before production"
BE-0113,IndusTech 4K Smart TV KSM-1113,TV & Home Theatre,IndusTech,KSM-1113,7099,5820,1,47,4.3,"premium studio product photograph of a 4k smart tv, clean neutral background, ecommerce catalog, front three-quarter view, no logo, 1:1","IndusTech 4K Smart TV, front three-quarter product view",slow-360-spin,YES,"Synthetic proof-of-concept record; replace price, stock, brand and media before production"
BE-0114,NovaTek QLED TV QLE-1114,TV & Home Theatre,NovaTek,QLE-1114,8049,6600,1,54,4.4,"premium studio product photograph of a qled tv, clean neutral background, ecommerce catalog, front three-quarter view, no logo, 1:1","NovaTek QLED TV, front three-quarter product view",hotspot-reveal,YES,"Synthetic proof-of-concept record; replace price, stock, brand and media before production"
BE-0115,Cobalt OLED TV OLE-1115,TV & Home Theatre,Cobalt,OLE-1115,7999,6560,1,61,4.5,"premium studio product photograph of a oled tv, clean neutral background, ecommerce catalog, front three-quarter view, no logo, 1:1","Cobalt OLED TV, front three-quarter product view",parallax-depth,YES,"Synthetic proof-of-concept record; replace price, stock, brand and media before production"
BE-0116,Astra Soundbar SOU-1116,TV & Home Theatre,Astra,SOU-1116,8949,7340,1,68,4.6,"premium studio product photograph of a soundbar, clean neutral background, ecommerce catalog, front three-quarter view, no logo, 1:1","Astra Soundbar, front three-quarter product view",color-swap,YES,"Synthetic proof-of-concept record; replace price, stock, brand and media before production"
BE-0117,Orbis Home Theatre HOM-1117,TV & Home Theatre,Orbis,HOM-1117,9899,8120,1,75,4.7,"premium studio product photograph of a home theatre, clean neutral background, ecommerce catalog, front three-quarter view, no logo, 1:1","Orbis Home Theatre, front three-quarter product view",exploded-view,YES,"Synthetic proof-of-concept record; replace price, stock, brand and media before production"
BE-0118,IndusTech 4K Smart TV KSM-1118,TV & Home Theatre,IndusTech,KSM-1118,10849,8900,1,82,4.8,"premium studio product photograph of a 4k smart tv, clean neutral background, ecommerce catalog, front three-quarter view, no logo, 1:1","IndusTech 4K Smart TV, front three-quarter product view",light-sweep,YES,"Synthetic proof-of-concept record; replace price, stock, brand and media before production"
BE-0119,NovaTek QLED TV QLE-1119,TV & Home Theatre,NovaTek,QLE-1119,5799,4760,1,6,4.9,"premium studio product photograph of a qled tv, clean neutral background, ecommerce catalog, front three-quarter view, no logo, 1:1","NovaTek QLED TV, front three-quarter product view",none-reduced-motion,YES,"Synthetic proof-of-concept record; replace price, stock, brand and media before production"
BE-0120,Cobalt OLED TV OLE-1120,TV & Home Theatre,Cobalt,OLE-1120,5749,4710,1,13,3.8,"premium studio product photograph of a oled tv, clean neutral background, ecommerce catalog, front three-quarter view, no logo, 1:1","Cobalt OLED TV, front three-quarter product view",card-tilt,YES,"Synthetic proof-of-concept record; replace price, stock, brand and media before production"
BE-0121,Astra Soundbar SOU-1121,TV & Home Theatre,Astra,SOU-1121,6699,5490,1,20,3.9,"premium studio product photograph of a soundbar, clean neutral background, ecommerce catalog, front three-quarter view, no logo, 1:1","Astra Soundbar, front three-quarter product view",slow-360-spin,YES,"Synthetic proof-of-concept record; replace price, stock, brand and media before production"
BE-0122,Orbis Home Theatre HOM-1122,TV & Home Theatre,Orbis,HOM-1122,7649,6270,1,27,4.0,"premium studio product photograph of a home theatre, clean neutral background, ecommerce catalog, front three-quarter view, no logo, 1:1","Orbis Home Theatre, front three-quarter product view",hotspot-reveal,YES,"Synthetic proof-of-concept record; replace price, stock, brand and media before production"
BE-0123,IndusTech 4K Smart TV KSM-1123,TV & Home Theatre,IndusTech,KSM-1123,8599,7050,1,34,4.1,"premium studio product photograph of a 4k smart tv, clean neutral background, ecommerce catalog, front three-quarter view, no logo, 1:1","IndusTech 4K Smart TV, front three-quarter product view",parallax-depth,YES,"Synthetic proof-of-concept record; replace price, stock, brand and media before production"
BE-0124,NovaTek QLED TV QLE-1124,TV & Home Theatre,NovaTek,QLE-1124,9549,7830,1,41,4.2,"premium studio product photograph of a qled tv, clean neutral background, ecommerce catalog, front three-quarter view, no logo, 1:1","NovaTek QLED TV, front three-quarter product view",color-swap,YES,"Synthetic proof-of-concept record; replace price, stock, brand and media before production"
BE-0125,Cobalt OLED TV OLE-1125,TV & Home Theatre,Cobalt,OLE-1125,9499,7790,1,48,4.3,"premium studio product photograph of a oled tv, clean neutral background, ecommerce catalog, front three-quarter view, no logo, 1:1","Cobalt OLED TV, front three-quarter product view",exploded-view,YES,"Synthetic proof-of-concept record; replace price, stock, brand and media before production"
BE-0126,Astra Soundbar SOU-1126,TV & Home Theatre,Astra,SOU-1126,10449,8570,1,55,4.4,"premium studio product photograph of a soundbar, clean neutral background, ecommerce catalog, front three-quarter view, no logo, 1:1","Astra Soundbar, front three-quarter product view",light-sweep,YES,"Synthetic proof-of-concept record; replace price, stock, brand and media before production"
BE-0127,Orbis Home Theatre HOM-1127,TV & Home Theatre,Orbis,HOM-1127,5399,4430,1,62,4.5,"premium studio product photograph of a home theatre, clean neutral background, ecommerce catalog, front three-quarter view, no logo, 1:1","Orbis Home Theatre, front three-quarter product view",none-reduced-motion,YES,"Synthetic proof-of-concept record; replace price, stock, brand and media before production"
BE-0128,IndusTech 4K Smart TV KSM-1128,TV & Home Theatre,IndusTech,KSM-1128,6349,5210,1,69,4.6,"premium studio product photograph of a 4k smart tv, clean neutral background, ecommerce catalog, front three-quarter view, no logo, 1:1","IndusTech 4K Smart TV, front three-quarter product view",card-tilt,YES,"Synthetic proof-of-concept record; replace price, stock, brand and media before production"
BE-0129,NovaTek QLED TV QLE-1129,TV & Home Theatre,NovaTek,QLE-1129,7299,5990,1,76,4.7,"premium studio product photograph of a qled tv, clean neutral background, ecommerce catalog, front three-quarter view, no logo, 1:1","NovaTek QLED TV, front three-quarter product view",slow-360-spin,YES,"Synthetic proof-of-concept record; replace price, stock, brand and media before production"
BE-0130,Cobalt OLED TV OLE-1130,TV & Home Theatre,Cobalt,OLE-1130,7249,5940,1,83,4.8,"premium studio product photograph of a oled tv, clean neutral background, ecommerce catalog, front three-quarter view, no logo, 1:1","Cobalt OLED TV, front three-quarter product view",hotspot-reveal,YES,"Synthetic proof-of-concept record; replace price, stock, brand and media before production"
BE-0131,Astra Soundbar SOU-1131,TV & Home Theatre,Astra,SOU-1131,8199,6720,1,7,4.9,"premium studio product photograph of a soundbar, clean neutral background, ecommerce catalog, front three-quarter view, no logo, 1:1","Astra Soundbar, front three-quarter product view",parallax-depth,YES,"Synthetic proof-of-concept record; replace price, stock, brand and media before production"
BE-0132,Orbis Home Theatre HOM-1132,TV & Home Theatre,Orbis,HOM-1132,9149,7500,1,14,3.8,"premium studio product photograph of a home theatre, clean neutral background, ecommerce catalog, front three-quarter view, no logo, 1:1","Orbis Home Theatre, front three-quarter product view",color-swap,YES,"Synthetic proof-of-concept record; replace price, stock, brand and media before production"
BE-0133,IndusTech 4K Smart TV KSM-1133,TV & Home Theatre,IndusTech,KSM-1133,10099,8280,1,21,3.9,"premium studio product photograph of a 4k smart tv, clean neutral background, ecommerce catalog, front three-quarter view, no logo, 1:1","IndusTech 4K Smart TV, front three-quarter product view",exploded-view,YES,"Synthetic proof-of-concept record; replace price, stock, brand and media before production"
BE-0134,NovaTek QLED TV QLE-1134,TV & Home Theatre,NovaTek,QLE-1134,11049,9060,1,28,4.0,"premium studio product photograph of a qled tv, clean neutral background, ecommerce catalog, front three-quarter view, no logo, 1:1","NovaTek QLED TV, front three-quarter product view",light-sweep,YES,"Synthetic proof-of-concept record; replace price, stock, brand and media before production"
BE-0135,Orbis TWS Earbuds TWS-1135,Audio,Orbis,TWS-1135,799,660,1,35,4.1,"premium studio product photograph of a tws earbuds, clean neutral background, ecommerce catalog, front three-quarter view, no logo, 1:1","Orbis TWS Earbuds, front three-quarter product view",none-reduced-motion,YES,"Synthetic proof-of-concept record; replace price, stock, brand and media before production"
BE-0136,IndusTech Wireless Headphones WIR-1136,Audio,IndusTech,WIR-1136,1749,1430,1,42,4.2,"premium studio product photograph of a wireless headphones, clean neutral background, ecommerce catalog, front three-quarter view, no logo, 1:1","IndusTech Wireless Headphones, front three-quarter product view",card-tilt,YES,"Synthetic proof-of-concept record; replace price, stock, brand and media before production"
BE-0137,NovaTek Bluetooth Speaker BLU-1137,Audio,NovaTek,BLU-1137,2699,2210,1,49,4.3,"premium studio product photograph of a bluetooth speaker, clean neutral background, ecommerce catalog, front three-quarter view, no logo, 1:1","NovaTek Bluetooth Speaker, front three-quarter product view",slow-360-spin,YES,"Synthetic proof-of-concept record; replace price, stock, brand and media before production"
BE-0138,Cobalt Party Speaker PAR-1138,Audio,Cobalt,PAR-1138,3649,2990,1,56,4.4,"premium studio product photograph of a party speaker, clean neutral background, ecommerce catalog, front three-quarter view, no logo, 1:1","Cobalt Party Speaker, front three-quarter product view",hotspot-reveal,YES,"Synthetic proof-of-concept record; replace price, stock, brand and media before production"
BE-0139,Astra Microphone MIC-1139,Audio,Astra,MIC-1139,4599,3770,1,63,4.5,"premium studio product photograph of a microphone, clean neutral background, ecommerce catalog, front three-quarter view, no logo, 1:1","Astra Microphone, front three-quarter product view",parallax-depth,YES,"Synthetic proof-of-concept record; replace price, stock, brand and media before production"
BE-0140,Orbis TWS Earbuds TWS-1140,Audio,Orbis,TWS-1140,4549,3730,1,70,4.6,"premium studio product photograph of a tws earbuds, clean neutral background, ecommerce catalog, front three-quarter view, no logo, 1:1","Orbis TWS Earbuds, front three-quarter product view",color-swap,YES,"Synthetic proof-of-concept record; replace price, stock, brand and media before production"
BE-0141,IndusTech Wireless Headphones WIR-1141,Audio,IndusTech,WIR-1141,5499,4510,1,77,4.7,"premium studio product photograph of a wireless headphones, clean neutral background, ecommerce catalog, front three-quarter view, no logo, 1:1","IndusTech Wireless Headphones, front three-quarter product view",exploded-view,YES,"Synthetic proof-of-concept record; replace price, stock, brand and media before production"
BE-0142,NovaTek Bluetooth Speaker BLU-1142,Audio,NovaTek,BLU-1142,6449,5290,1,84,4.8,"premium studio product photograph of a bluetooth speaker, clean neutral background, ecommerce catalog, front three-quarter view, no logo, 1:1","NovaTek Bluetooth Speaker, front three-quarter product view",light-sweep,YES,"Synthetic proof-of-concept record; replace price, stock, brand and media before production"
BE-0143,Cobalt Party Speaker PAR-1143,Audio,Cobalt,PAR-1143,1399,1150,1,8,4.9,"premium studio product photograph of a party speaker, clean neutral background, ecommerce catalog, front three-quarter view, no logo, 1:1","Cobalt Party Speaker, front three-quarter product view",none-reduced-motion,YES,"Synthetic proof-of-concept record; replace price, stock, brand and media before production"
BE-0144,Astra Microphone MIC-1144,Audio,Astra,MIC-1144,2349,1930,1,15,3.8,"premium studio product photograph of a microphone, clean neutral background, ecommerce catalog, front three-quarter view, no logo, 1:1","Astra Microphone, front three-quarter product view",card-tilt,YES,"Synthetic proof-of-concept record; replace price, stock, brand and media before production"
BE-0145,Orbis TWS Earbuds TWS-1145,Audio,Orbis,TWS-1145,2299,1890,1,22,3.9,"premium studio product photograph of a tws earbuds, clean neutral background, ecommerce catalog, front three-quarter view, no logo, 1:1","Orbis TWS Earbuds, front three-quarter product view",slow-360-spin,YES,"Synthetic proof-of-concept record; replace price, stock, brand and media before production"
BE-0146,IndusTech Wireless Headphones WIR-1146,Audio,IndusTech,WIR-1146,3249,2660,1,29,4.0,"premium studio product photograph of a wireless headphones, clean neutral background, ecommerce catalog, front three-quarter view, no logo, 1:1","IndusTech Wireless Headphones, front three-quarter product view",hotspot-reveal,YES,"Synthetic proof-of-concept record; replace price, stock, brand and media before production"
BE-0147,NovaTek Bluetooth Speaker BLU-1147,Audio,NovaTek,BLU-1147,4199,3440,1,36,4.1,"premium studio product photograph of a bluetooth speaker, clean neutral background, ecommerce catalog, front three-quarter view, no logo, 1:1","NovaTek Bluetooth Speaker, front three-quarter product view",parallax-depth,YES,"Synthetic proof-of-concept record; replace price, stock, brand and media before production"
BE-0148,Cobalt Party Speaker PAR-1148,Audio,Cobalt,PAR-1148,5149,4220,1,43,4.2,"premium studio product photograph of a party speaker, clean neutral background, ecommerce catalog, front three-quarter view, no logo, 1:1","Cobalt Party Speaker, front three-quarter product view",color-swap,YES,"Synthetic proof-of-concept record; replace price, stock, brand and media before production"
BE-0149,Astra Microphone MIC-1149,Audio,Astra,MIC-1149,6099,5000,1,50,4.3,"premium studio product photograph of a microphone, clean neutral background, ecommerce catalog, front three-quarter view, no logo, 1:1","Astra Microphone, front three-quarter product view",exploded-view,YES,"Synthetic proof-of-concept record; replace price, stock, brand and media before production"
BE-0150,Orbis TWS Earbuds TWS-1150,Audio,Orbis,TWS-1150,6049,4960,1,57,4.4,"premium studio product photograph of a tws earbuds, clean neutral background, ecommerce catalog, front three-quarter view, no logo, 1:1","Orbis TWS Earbuds, front three-quarter product view",light-sweep,YES,"Synthetic proof-of-concept record; replace price, stock, brand and media before production"
BE-0151,IndusTech Wireless Headphones WIR-1151,Audio,IndusTech,WIR-1151,999,820,1,64,4.5,"premium studio product photograph of a wireless headphones, clean neutral background, ecommerce catalog, front three-quarter view, no logo, 1:1","IndusTech Wireless Headphones, front three-quarter product view",none-reduced-motion,YES,"Synthetic proof-of-concept record; replace price, stock, brand and media before production"
BE-0152,NovaTek Bluetooth Speaker BLU-1152,Audio,NovaTek,BLU-1152,1949,1600,1,71,4.6,"premium studio product photograph of a bluetooth speaker, clean neutral background, ecommerce catalog, front three-quarter view, no logo, 1:1","NovaTek Bluetooth Speaker, front three-quarter product view",card-tilt,YES,"Synthetic proof-of-concept record; replace price, stock, brand and media before production"
BE-0153,Cobalt Party Speaker PAR-1153,Audio,Cobalt,PAR-1153,2899,2380,1,78,4.7,"premium studio product photograph of a party speaker, clean neutral background, ecommerce catalog, front three-quarter view, no logo, 1:1","Cobalt Party Speaker, front three-quarter product view",slow-360-spin,YES,"Synthetic proof-of-concept record; replace price, stock, brand and media before production"
BE-0154,Astra Microphone MIC-1154,Audio,Astra,MIC-1154,3849,3160,1,85,4.8,"premium studio product photograph of a microphone, clean neutral background, ecommerce catalog, front three-quarter view, no logo, 1:1","Astra Microphone, front three-quarter product view",hotspot-reveal,YES,"Synthetic proof-of-concept record; replace price, stock, brand and media before production"
BE-0155,Orbis TWS Earbuds TWS-1155,Audio,Orbis,TWS-1155,3799,3120,1,9,4.9,"premium studio product photograph of a tws earbuds, clean neutral background, ecommerce catalog, front three-quarter view, no logo, 1:1","Orbis TWS Earbuds, front three-quarter product view",parallax-depth,YES,"Synthetic proof-of-concept record; replace price, stock, brand and media before production"
BE-0156,IndusTech Wireless Headphones WIR-1156,Audio,IndusTech,WIR-1156,4749,3890,1,16,3.8,"premium studio product photograph of a wireless headphones, clean neutral background, ecommerce catalog, front three-quarter view, no logo, 1:1","IndusTech Wireless Headphones, front three-quarter product view",color-swap,YES,"Synthetic proof-of-concept record; replace price, stock, brand and media before production"
BE-0157,NovaTek Bluetooth Speaker BLU-1157,Audio,NovaTek,BLU-1157,5699,4670,1,23,3.9,"premium studio product photograph of a bluetooth speaker, clean neutral background, ecommerce catalog, front three-quarter view, no logo, 1:1","NovaTek Bluetooth Speaker, front three-quarter product view",exploded-view,YES,"Synthetic proof-of-concept record; replace price, stock, brand and media before production"
BE-0158,Cobalt Party Speaker PAR-1158,Audio,Cobalt,PAR-1158,6649,5450,1,30,4.0,"premium studio product photograph of a party speaker, clean neutral background, ecommerce catalog, front three-quarter view, no logo, 1:1","Cobalt Party Speaker, front three-quarter product view",light-sweep,YES,"Synthetic proof-of-concept record; replace price, stock, brand and media before production"
BE-0159,Astra Microphone MIC-1159,Audio,Astra,MIC-1159,1599,1310,1,37,4.1,"premium studio product photograph of a microphone, clean neutral background, ecommerce catalog, front three-quarter view, no logo, 1:1","Astra Microphone, front three-quarter product view",none-reduced-motion,YES,"Synthetic proof-of-concept record; replace price, stock, brand and media before production"
BE-0160,Orbis TWS Earbuds TWS-1160,Audio,Orbis,TWS-1160,1549,1270,1,44,4.2,"premium studio product photograph of a tws earbuds, clean neutral background, ecommerce catalog, front three-quarter view, no logo, 1:1","Orbis TWS Earbuds, front three-quarter product view",card-tilt,YES,"Synthetic proof-of-concept record; replace price, stock, brand and media before production"
BE-0161,IndusTech Wireless Headphones WIR-1161,Audio,IndusTech,WIR-1161,2499,2050,1,51,4.3,"premium studio product photograph of a wireless headphones, clean neutral background, ecommerce catalog, front three-quarter view, no logo, 1:1","IndusTech Wireless Headphones, front three-quarter product view",slow-360-spin,YES,"Synthetic proof-of-concept record; replace price, stock, brand and media before production"
BE-0162,NovaTek Bluetooth Speaker BLU-1162,Audio,NovaTek,BLU-1162,3449,2830,1,58,4.4,"premium studio product photograph of a bluetooth speaker, clean neutral background, ecommerce catalog, front three-quarter view, no logo, 1:1","NovaTek Bluetooth Speaker, front three-quarter product view",hotspot-reveal,YES,"Synthetic proof-of-concept record; replace price, stock, brand and media before production"
BE-0163,Cobalt Party Speaker PAR-1163,Audio,Cobalt,PAR-1163,4399,3610,1,65,4.5,"premium studio product photograph of a party speaker, clean neutral background, ecommerce catalog, front three-quarter view, no logo, 1:1","Cobalt Party Speaker, front three-quarter product view",parallax-depth,YES,"Synthetic proof-of-concept record; replace price, stock, brand and media before production"
BE-0164,Astra Microphone MIC-1164,Audio,Astra,MIC-1164,5349,4390,1,72,4.6,"premium studio product photograph of a microphone, clean neutral background, ecommerce catalog, front three-quarter view, no logo, 1:1","Astra Microphone, front three-quarter product view",color-swap,YES,"Synthetic proof-of-concept record; replace price, stock, brand and media before production"
BE-0165,Orbis TWS Earbuds TWS-1165,Audio,Orbis,TWS-1165,5299,4350,1,79,4.7,"premium studio product photograph of a tws earbuds, clean neutral background, ecommerce catalog, front three-quarter view, no logo, 1:1","Orbis TWS Earbuds, front three-quarter product view",exploded-view,YES,"Synthetic proof-of-concept record; replace price, stock, brand and media before production"
BE-0166,IndusTech Wireless Headphones WIR-1166,Audio,IndusTech,WIR-1166,6249,5120,1,3,4.8,"premium studio product photograph of a wireless headphones, clean neutral background, ecommerce catalog, front three-quarter view, no logo, 1:1","IndusTech Wireless Headphones, front three-quarter product view",light-sweep,YES,"Synthetic proof-of-concept record; replace price, stock, brand and media before production"
BE-0167,Astra Single Door Refrigerator SIN-1167,Refrigerators,Astra,SIN-1167,13399,10990,1,10,4.9,"premium studio product photograph of a single door refrigerator, clean neutral background, ecommerce catalog, front three-quarter view, no logo, 1:1","Astra Single Door Refrigerator, front three-quarter product view",none-reduced-motion,YES,"Synthetic proof-of-concept record; replace price, stock, brand and media before production"
BE-0168,Orbis Double Door Refrigerator DOU-1168,Refrigerators,Orbis,DOU-1168,14349,11770,1,17,3.8,"premium studio product photograph of a double door refrigerator, clean neutral background, ecommerce catalog, front three-quarter view, no logo, 1:1","Orbis Double Door Refrigerator, front three-quarter product view",card-tilt,YES,"Synthetic proof-of-concept record; replace price, stock, brand and media before production"
BE-0169,IndusTech Side-by-Side Refrigerator SID-1169,Refrigerators,IndusTech,SID-1169,15299,12550,1,24,3.9,"premium studio product photograph of a side-by-side refrigerator, clean neutral background, ecommerce catalog, front three-quarter view, no logo, 1:1","IndusTech Side-by-Side Refrigerator, front three-quarter product view",slow-360-spin,YES,"Synthetic proof-of-concept record; replace price, stock, brand and media before production"
BE-0170,NovaTek Single Door Refrigerator SIN-1170,Refrigerators,NovaTek,SIN-1170,15249,12500,1,31,4.0,"premium studio product photograph of a single door refrigerator, clean neutral background, ecommerce catalog, front three-quarter view, no logo, 1:1","NovaTek Single Door Refrigerator, front three-quarter product view",hotspot-reveal,YES,"Synthetic proof-of-concept record; replace price, stock, brand and media before production"
BE-0171,Cobalt Double Door Refrigerator DOU-1171,Refrigerators,Cobalt,DOU-1171,16199,13280,1,38,4.1,"premium studio product photograph of a double door refrigerator, clean neutral background, ecommerce catalog, front three-quarter view, no logo, 1:1","Cobalt Double Door Refrigerator, front three-quarter product view",parallax-depth,YES,"Synthetic proof-of-concept record; replace price, stock, brand and media before production"
BE-0172,Astra Side-by-Side Refrigerator SID-1172,Refrigerators,Astra,SID-1172,17149,14060,1,45,4.2,"premium studio product photograph of a side-by-side refrigerator, clean neutral background, ecommerce catalog, front three-quarter view, no logo, 1:1","Astra Side-by-Side Refrigerator, front three-quarter product view",color-swap,YES,"Synthetic proof-of-concept record; replace price, stock, brand and media before production"
BE-0173,Orbis Single Door Refrigerator SIN-1173,Refrigerators,Orbis,SIN-1173,18099,14840,1,52,4.3,"premium studio product photograph of a single door refrigerator, clean neutral background, ecommerce catalog, front three-quarter view, no logo, 1:1","Orbis Single Door Refrigerator, front three-quarter product view",exploded-view,YES,"Synthetic proof-of-concept record; replace price, stock, brand and media before production"
BE-0174,IndusTech Double Door Refrigerator DOU-1174,Refrigerators,IndusTech,DOU-1174,19049,15620,1,59,4.4,"premium studio product photograph of a double door refrigerator, clean neutral background, ecommerce catalog, front three-quarter view, no logo, 1:1","IndusTech Double Door Refrigerator, front three-quarter product view",light-sweep,YES,"Synthetic proof-of-concept record; replace price, stock, brand and media before production"
BE-0175,NovaTek Side-by-Side Refrigerator SID-1175,Refrigerators,NovaTek,SID-1175,12999,10660,1,66,4.5,"premium studio product photograph of a side-by-side refrigerator, clean neutral background, ecommerce catalog, front three-quarter view, no logo, 1:1","NovaTek Side-by-Side Refrigerator, front three-quarter product view",none-reduced-motion,YES,"Synthetic proof-of-concept record; replace price, stock, brand and media before production"
BE-0176,Cobalt Single Door Refrigerator SIN-1176,Refrigerators,Cobalt,SIN-1176,13949,11440,1,73,4.6,"premium studio product photograph of a single door refrigerator, clean neutral background, ecommerce catalog, front three-quarter view, no logo, 1:1","Cobalt Single Door Refrigerator, front three-quarter product view",card-tilt,YES,"Synthetic proof-of-concept record; replace price, stock, brand and media before production"
BE-0177,Astra Double Door Refrigerator DOU-1177,Refrigerators,Astra,DOU-1177,14899,12220,1,80,4.7,"premium studio product photograph of a double door refrigerator, clean neutral background, ecommerce catalog, front three-quarter view, no logo, 1:1","Astra Double Door Refrigerator, front three-quarter product view",slow-360-spin,YES,"Synthetic proof-of-concept record; replace price, stock, brand and media before production"
BE-0178,Orbis Side-by-Side Refrigerator SID-1178,Refrigerators,Orbis,SID-1178,15849,13000,1,4,4.8,"premium studio product photograph of a side-by-side refrigerator, clean neutral background, ecommerce catalog, front three-quarter view, no logo, 1:1","Orbis Side-by-Side Refrigerator, front three-quarter product view",hotspot-reveal,YES,"Synthetic proof-of-concept record; replace price, stock, brand and media before production"
BE-0179,IndusTech Single Door Refrigerator SIN-1179,Refrigerators,IndusTech,SIN-1179,16799,13780,1,11,4.9,"premium studio product photograph of a single door refrigerator, clean neutral background, ecommerce catalog, front three-quarter view, no logo, 1:1","IndusTech Single Door Refrigerator, front three-quarter product view",parallax-depth,YES,"Synthetic proof-of-concept record; replace price, stock, brand and media before production"
BE-0180,NovaTek Double Door Refrigerator DOU-1180,Refrigerators,NovaTek,DOU-1180,16749,13730,1,18,3.8,"premium studio product photograph of a double door refrigerator, clean neutral background, ecommerce catalog, front three-quarter view, no logo, 1:1","NovaTek Double Door Refrigerator, front three-quarter product view",color-swap,YES,"Synthetic proof-of-concept record; replace price, stock, brand and media before production"
BE-0181,Cobalt Side-by-Side Refrigerator SID-1181,Refrigerators,Cobalt,SID-1181,17699,14510,1,25,3.9,"premium studio product photograph of a side-by-side refrigerator, clean neutral background, ecommerce catalog, front three-quarter view, no logo, 1:1","Cobalt Side-by-Side Refrigerator, front three-quarter product view",exploded-view,YES,"Synthetic proof-of-concept record; replace price, stock, brand and media before production"
BE-0182,Astra Single Door Refrigerator SIN-1182,Refrigerators,Astra,SIN-1182,18649,15290,1,32,4.0,"premium studio product photograph of a single door refrigerator, clean neutral background, ecommerce catalog, front three-quarter view, no logo, 1:1","Astra Single Door Refrigerator, front three-quarter product view",light-sweep,YES,"Synthetic proof-of-concept record; replace price, stock, brand and media before production"
BE-0183,Orbis Double Door Refrigerator DOU-1183,Refrigerators,Orbis,DOU-1183,13599,11150,1,39,4.1,"premium studio product photograph of a double door refrigerator, clean neutral background, ecommerce catalog, front three-quarter view, no logo, 1:1","Orbis Double Door Refrigerator, front three-quarter product view",none-reduced-motion,YES,"Synthetic proof-of-concept record; replace price, stock, brand and media before production"
BE-0184,IndusTech Side-by-Side Refrigerator SID-1184,Refrigerators,IndusTech,SID-1184,14549,11930,1,46,4.2,"premium studio product photograph of a side-by-side refrigerator, clean neutral background, ecommerce catalog, front three-quarter view, no logo, 1:1","IndusTech Side-by-Side Refrigerator, front three-quarter product view",card-tilt,YES,"Synthetic proof-of-concept record; replace price, stock, brand and media before production"
BE-0185,NovaTek Single Door Refrigerator SIN-1185,Refrigerators,NovaTek,SIN-1185,14499,11890,1,53,4.3,"premium studio product photograph of a single door refrigerator, clean neutral background, ecommerce catalog, front three-quarter view, no logo, 1:1","NovaTek Single Door Refrigerator, front three-quarter product view",slow-360-spin,YES,"Synthetic proof-of-concept record; replace price, stock, brand and media before production"
BE-0186,Cobalt Double Door Refrigerator DOU-1186,Refrigerators,Cobalt,DOU-1186,15449,12670,1,60,4.4,"premium studio product photograph of a double door refrigerator, clean neutral background, ecommerce catalog, front three-quarter view, no logo, 1:1","Cobalt Double Door Refrigerator, front three-quarter product view",hotspot-reveal,YES,"Synthetic proof-of-concept record; replace price, stock, brand and media before production"
BE-0187,Astra Side-by-Side Refrigerator SID-1187,Refrigerators,Astra,SID-1187,16399,13450,1,67,4.5,"premium studio product photograph of a side-by-side refrigerator, clean neutral background, ecommerce catalog, front three-quarter view, no logo, 1:1","Astra Side-by-Side Refrigerator, front three-quarter product view",parallax-depth,YES,"Synthetic proof-of-concept record; replace price, stock, brand and media before production"
BE-0188,Orbis Single Door Refrigerator SIN-1188,Refrigerators,Orbis,SIN-1188,17349,14230,1,74,4.6,"premium studio product photograph of a single door refrigerator, clean neutral background, ecommerce catalog, front three-quarter view, no logo, 1:1","Orbis Single Door Refrigerator, front three-quarter product view",color-swap,YES,"Synthetic proof-of-concept record; replace price, stock, brand and media before production"
BE-0189,IndusTech Double Door Refrigerator DOU-1189,Refrigerators,IndusTech,DOU-1189,18299,15010,1,81,4.7,"premium studio product photograph of a double door refrigerator, clean neutral background, ecommerce catalog, front three-quarter view, no logo, 1:1","IndusTech Double Door Refrigerator, front three-quarter product view",exploded-view,YES,"Synthetic proof-of-concept record; replace price, stock, brand and media before production"
BE-0190,NovaTek Side-by-Side Refrigerator SID-1190,Refrigerators,NovaTek,SID-1190,18249,14960,1,5,4.8,"premium studio product photograph of a side-by-side refrigerator, clean neutral background, ecommerce catalog, front three-quarter view, no logo, 1:1","NovaTek Side-by-Side Refrigerator, front three-quarter product view",light-sweep,YES,"Synthetic proof-of-concept record; replace price, stock, brand and media before production"
BE-0191,NovaTek Top Load Washer TOP-1191,Washing Machines,NovaTek,TOP-1191,9199,7540,1,12,4.9,"premium studio product photograph of a top load washer, clean neutral background, ecommerce catalog, front three-quarter view, no logo, 1:1","NovaTek Top Load Washer, front three-quarter product view",none-reduced-motion,YES,"Synthetic proof-of-concept record; replace price, stock, brand and media before production"
BE-0192,Cobalt Front Load Washer FRO-1192,Washing Machines,Cobalt,FRO-1192,10149,8320,1,19,3.8,"premium studio product photograph of a front load washer, clean neutral background, ecommerce catalog, front three-quarter view, no logo, 1:1","Cobalt Front Load Washer, front three-quarter product view",card-tilt,YES,"Synthetic proof-of-concept record; replace price, stock, brand and media before production"
BE-0193,Astra Semi Automatic Washer SEM-1193,Washing Machines,Astra,SEM-1193,11099,9100,1,26,3.9,"premium studio product photograph of a semi automatic washer, clean neutral background, ecommerce catalog, front three-quarter view, no logo, 1:1","Astra Semi Automatic Washer, front three-quarter product view",slow-360-spin,YES,"Synthetic proof-of-concept record; replace price, stock, brand and media before production"
BE-0194,Orbis Top Load Washer TOP-1194,Washing Machines,Orbis,TOP-1194,12049,9880,1,33,4.0,"premium studio product photograph of a top load washer, clean neutral background, ecommerce catalog, front three-quarter view, no logo, 1:1","Orbis Top Load Washer, front three-quarter product view",hotspot-reveal,YES,"Synthetic proof-of-concept record; replace price, stock, brand and media before production"
BE-0195,IndusTech Front Load Washer FRO-1195,Washing Machines,IndusTech,FRO-1195,11999,9840,1,40,4.1,"premium studio product photograph of a front load washer, clean neutral background, ecommerce catalog, front three-quarter view, no logo, 1:1","IndusTech Front Load Washer, front three-quarter product view",parallax-depth,YES,"Synthetic proof-of-concept record; replace price, stock, brand and media before production"
BE-0196,NovaTek Semi Automatic Washer SEM-1196,Washing Machines,NovaTek,SEM-1196,12949,10620,1,47,4.2,"premium studio product photograph of a semi automatic washer, clean neutral background, ecommerce catalog, front three-quarter view, no logo, 1:1","NovaTek Semi Automatic Washer, front three-quarter product view",color-swap,YES,"Synthetic proof-of-concept record; replace price, stock, brand and media before production"
BE-0197,Cobalt Top Load Washer TOP-1197,Washing Machines,Cobalt,TOP-1197,13899,11400,1,54,4.3,"premium studio product photograph of a top load washer, clean neutral background, ecommerce catalog, front three-quarter view, no logo, 1:1","Cobalt Top Load Washer, front three-quarter product view",exploded-view,YES,"Synthetic proof-of-concept record; replace price, stock, brand and media before production"
BE-0198,Astra Front Load Washer FRO-1198,Washing Machines,Astra,FRO-1198,14849,12180,1,61,4.4,"premium studio product photograph of a front load washer, clean neutral background, ecommerce catalog, front three-quarter view, no logo, 1:1","Astra Front Load Washer, front three-quarter product view",light-sweep,YES,"Synthetic proof-of-concept record; replace price, stock, brand and media before production"
BE-0199,Orbis Semi Automatic Washer SEM-1199,Washing Machines,Orbis,SEM-1199,9799,8040,1,68,4.5,"premium studio product photograph of a semi automatic washer, clean neutral background, ecommerce catalog, front three-quarter view, no logo, 1:1","Orbis Semi Automatic Washer, front three-quarter product view",none-reduced-motion,YES,"Synthetic proof-of-concept record; replace price, stock, brand and media before production"
BE-0200,IndusTech Top Load Washer TOP-1200,Washing Machines,IndusTech,TOP-1200,9749,7990,1,75,4.6,"premium studio product photograph of a top load washer, clean neutral background, ecommerce catalog, front three-quarter view, no logo, 1:1","IndusTech Top Load Washer, front three-quarter product view",card-tilt,YES,"Synthetic proof-of-concept record; replace price, stock, brand and media before production"
BE-0201,NovaTek Front Load Washer FRO-1201,Washing Machines,NovaTek,FRO-1201,10699,8770,1,82,4.7,"premium studio product photograph of a front load washer, clean neutral background, ecommerce catalog, front three-quarter view, no logo, 1:1","NovaTek Front Load Washer, front three-quarter product view",slow-360-spin,YES,"Synthetic proof-of-concept record; replace price, stock, brand and media before production"
BE-0202,Cobalt Semi Automatic Washer SEM-1202,Washing Machines,Cobalt,SEM-1202,11649,9550,1,6,4.8,"premium studio product photograph of a semi automatic washer, clean neutral background, ecommerce catalog, front three-quarter view, no logo, 1:1","Cobalt Semi Automatic Washer, front three-quarter product view",hotspot-reveal,YES,"Synthetic proof-of-concept record; replace price, stock, brand and media before production"
BE-0203,Astra Top Load Washer TOP-1203,Washing Machines,Astra,TOP-1203,12599,10330,1,13,4.9,"premium studio product photograph of a top load washer, clean neutral background, ecommerce catalog, front three-quarter view, no logo, 1:1","Astra Top Load Washer, front three-quarter product view",parallax-depth,YES,"Synthetic proof-of-concept record; replace price, stock, brand and media before production"
BE-0204,Orbis Front Load Washer FRO-1204,Washing Machines,Orbis,FRO-1204,13549,11110,1,20,3.8,"premium studio product photograph of a front load washer, clean neutral background, ecommerce catalog, front three-quarter view, no logo, 1:1","Orbis Front Load Washer, front three-quarter product view",color-swap,YES,"Synthetic proof-of-concept record; replace price, stock, brand and media before production"
BE-0205,IndusTech Semi Automatic Washer SEM-1205,Washing Machines,IndusTech,SEM-1205,13499,11070,1,27,3.9,"premium studio product photograph of a semi automatic washer, clean neutral background, ecommerce catalog, front three-quarter view, no logo, 1:1","IndusTech Semi Automatic Washer, front three-quarter product view",exploded-view,YES,"Synthetic proof-of-concept record; replace price, stock, brand and media before production"
BE-0206,NovaTek Top Load Washer TOP-1206,Washing Machines,NovaTek,TOP-1206,14449,11850,1,34,4.0,"premium studio product photograph of a top load washer, clean neutral background, ecommerce catalog, front three-quarter view, no logo, 1:1","NovaTek Top Load Washer, front three-quarter product view",light-sweep,YES,"Synthetic proof-of-concept record; replace price, stock, brand and media before production"
BE-0207,Cobalt Front Load Washer FRO-1207,Washing Machines,Cobalt,FRO-1207,9399,7710,1,41,4.1,"premium studio product photograph of a front load washer, clean neutral background, ecommerce catalog, front three-quarter view, no logo, 1:1","Cobalt Front Load Washer, front three-quarter product view",none-reduced-motion,YES,"Synthetic proof-of-concept record; replace price, stock, brand and media before production"
BE-0208,Astra Semi Automatic Washer SEM-1208,Washing Machines,Astra,SEM-1208,10349,8490,1,48,4.2,"premium studio product photograph of a semi automatic washer, clean neutral background, ecommerce catalog, front three-quarter view, no logo, 1:1","Astra Semi Automatic Washer, front three-quarter product view",card-tilt,YES,"Synthetic proof-of-concept record; replace price, stock, brand and media before production"
BE-0209,Orbis Top Load Washer TOP-1209,Washing Machines,Orbis,TOP-1209,11299,9270,1,55,4.3,"premium studio product photograph of a top load washer, clean neutral background, ecommerce catalog, front three-quarter view, no logo, 1:1","Orbis Top Load Washer, front three-quarter product view",slow-360-spin,YES,"Synthetic proof-of-concept record; replace price, stock, brand and media before production"
BE-0210,IndusTech Front Load Washer FRO-1210,Washing Machines,IndusTech,FRO-1210,11249,9220,1,62,4.4,"premium studio product photograph of a front load washer, clean neutral background, ecommerce catalog, front three-quarter view, no logo, 1:1","IndusTech Front Load Washer, front three-quarter product view",hotspot-reveal,YES,"Synthetic proof-of-concept record; replace price, stock, brand and media before production"
BE-0211,NovaTek Semi Automatic Washer SEM-1211,Washing Machines,NovaTek,SEM-1211,12199,10000,1,69,4.5,"premium studio product photograph of a semi automatic washer, clean neutral background, ecommerce catalog, front three-quarter view, no logo, 1:1","NovaTek Semi Automatic Washer, front three-quarter product view",parallax-depth,YES,"Synthetic proof-of-concept record; replace price, stock, brand and media before production"
BE-0212,Cobalt Top Load Washer TOP-1212,Washing Machines,Cobalt,TOP-1212,13149,10780,1,76,4.6,"premium studio product photograph of a top load washer, clean neutral background, ecommerce catalog, front three-quarter view, no logo, 1:1","Cobalt Top Load Washer, front three-quarter product view",color-swap,YES,"Synthetic proof-of-concept record; replace price, stock, brand and media before production"
BE-0213,Astra Front Load Washer FRO-1213,Washing Machines,Astra,FRO-1213,14099,11560,1,83,4.7,"premium studio product photograph of a front load washer, clean neutral background, ecommerce catalog, front three-quarter view, no logo, 1:1","Astra Front Load Washer, front three-quarter product view",exploded-view,YES,"Synthetic proof-of-concept record; replace price, stock, brand and media before production"
BE-0214,Orbis Semi Automatic Washer SEM-1214,Washing Machines,Orbis,SEM-1214,15049,12340,1,7,4.8,"premium studio product photograph of a semi automatic washer, clean neutral background, ecommerce catalog, front three-quarter view, no logo, 1:1","Orbis Semi Automatic Washer, front three-quarter product view",light-sweep,YES,"Synthetic proof-of-concept record; replace price, stock, brand and media before production"
BE-0215,Orbis Inverter Split AC INV-1215,Air Conditioners & Coolers,Orbis,INV-1215,3999,3280,1,14,4.9,"premium studio product photograph of a inverter split ac, clean neutral background, ecommerce catalog, front three-quarter view, no logo, 1:1","Orbis Inverter Split AC, front three-quarter product view",none-reduced-motion,YES,"Synthetic proof-of-concept record; replace price, stock, brand and media before production"
BE-0216,IndusTech Window AC WIN-1216,Air Conditioners & Coolers,IndusTech,WIN-1216,4949,4060,1,21,3.8,"premium studio product photograph of a window ac, clean neutral background, ecommerce catalog, front three-quarter view, no logo, 1:1","IndusTech Window AC, front three-quarter product view",card-tilt,YES,"Synthetic proof-of-concept record; replace price, stock, brand and media before production"
BE-0217,NovaTek Air Cooler AIR-1217,Air Conditioners & Coolers,NovaTek,AIR-1217,5899,4840,1,28,3.9,"premium studio product photograph of a air cooler, clean neutral background, ecommerce catalog, front three-quarter view, no logo, 1:1","NovaTek Air Cooler, front three-quarter product view",slow-360-spin,YES,"Synthetic proof-of-concept record; replace price, stock, brand and media before production"
BE-0218,Cobalt Ceiling Fan CEI-1218,Air Conditioners & Coolers,Cobalt,CEI-1218,6849,5620,1,35,4.0,"premium studio product photograph of a ceiling fan, clean neutral background, ecommerce catalog, front three-quarter view, no logo, 1:1","Cobalt Ceiling Fan, front three-quarter product view",hotspot-reveal,YES,"Synthetic proof-of-concept record; replace price, stock, brand and media before production"
BE-0219,Astra Inverter Split AC INV-1219,Air Conditioners & Coolers,Astra,INV-1219,7799,6400,1,42,4.1,"premium studio product photograph of a inverter split ac, clean neutral background, ecommerce catalog, front three-quarter view, no logo, 1:1","Astra Inverter Split AC, front three-quarter product view",parallax-depth,YES,"Synthetic proof-of-concept record; replace price, stock, brand and media before production"
BE-0220,Orbis Window AC WIN-1220,Air Conditioners & Coolers,Orbis,WIN-1220,7749,6350,1,49,4.2,"premium studio product photograph of a window ac, clean neutral background, ecommerce catalog, front three-quarter view, no logo, 1:1","Orbis Window AC, front three-quarter product view",color-swap,YES,"Synthetic proof-of-concept record; replace price, stock, brand and media before production"
BE-0221,IndusTech Air Cooler AIR-1221,Air Conditioners & Coolers,IndusTech,AIR-1221,8699,7130,1,56,4.3,"premium studio product photograph of a air cooler, clean neutral background, ecommerce catalog, front three-quarter view, no logo, 1:1","IndusTech Air Cooler, front three-quarter product view",exploded-view,YES,"Synthetic proof-of-concept record; replace price, stock, brand and media before production"
BE-0222,NovaTek Ceiling Fan CEI-1222,Air Conditioners & Coolers,NovaTek,CEI-1222,9649,7910,1,63,4.4,"premium studio product photograph of a ceiling fan, clean neutral background, ecommerce catalog, front three-quarter view, no logo, 1:1","NovaTek Ceiling Fan, front three-quarter product view",light-sweep,YES,"Synthetic proof-of-concept record; replace price, stock, brand and media before production"
BE-0223,Cobalt Inverter Split AC INV-1223,Air Conditioners & Coolers,Cobalt,INV-1223,4599,3770,1,70,4.5,"premium studio product photograph of a inverter split ac, clean neutral background, ecommerce catalog, front three-quarter view, no logo, 1:1","Cobalt Inverter Split AC, front three-quarter product view",none-reduced-motion,YES,"Synthetic proof-of-concept record; replace price, stock, brand and media before production"
BE-0224,Astra Window AC WIN-1224,Air Conditioners & Coolers,Astra,WIN-1224,5549,4550,1,77,4.6,"premium studio product photograph of a window ac, clean neutral background, ecommerce catalog, front three-quarter view, no logo, 1:1","Astra Window AC, front three-quarter product view",card-tilt,YES,"Synthetic proof-of-concept record; replace price, stock, brand and media before production"
BE-0225,Orbis Air Cooler AIR-1225,Air Conditioners & Coolers,Orbis,AIR-1225,5499,4510,1,84,4.7,"premium studio product photograph of a air cooler, clean neutral background, ecommerce catalog, front three-quarter view, no logo, 1:1","Orbis Air Cooler, front three-quarter product view",slow-360-spin,YES,"Synthetic proof-of-concept record; replace price, stock, brand and media before production"
BE-0226,IndusTech Ceiling Fan CEI-1226,Air Conditioners & Coolers,IndusTech,CEI-1226,6449,5290,1,8,4.8,"premium studio product photograph of a ceiling fan, clean neutral background, ecommerce catalog, front three-quarter view, no logo, 1:1","IndusTech Ceiling Fan, front three-quarter product view",hotspot-reveal,YES,"Synthetic proof-of-concept record; replace price, stock, brand and media before production"
BE-0227,NovaTek Inverter Split AC INV-1227,Air Conditioners & Coolers,NovaTek,INV-1227,7399,6070,1,15,4.9,"premium studio product photograph of a inverter split ac, clean neutral background, ecommerce catalog, front three-quarter view, no logo, 1:1","NovaTek Inverter Split AC, front three-quarter product view",parallax-depth,YES,"Synthetic proof-of-concept record; replace price, stock, brand and media before production"
BE-0228,Cobalt Window AC WIN-1228,Air Conditioners & Coolers,Cobalt,WIN-1228,8349,6850,1,22,3.8,"premium studio product photograph of a window ac, clean neutral background, ecommerce catalog, front three-quarter view, no logo, 1:1","Cobalt Window AC, front three-quarter product view",color-swap,YES,"Synthetic proof-of-concept record; replace price, stock, brand and media before production"
BE-0229,Astra Air Cooler AIR-1229,Air Conditioners & Coolers,Astra,AIR-1229,9299,7630,1,29,3.9,"premium studio product photograph of a air cooler, clean neutral background, ecommerce catalog, front three-quarter view, no logo, 1:1","Astra Air Cooler, front three-quarter product view",exploded-view,YES,"Synthetic proof-of-concept record; replace price, stock, brand and media before production"
BE-0230,Orbis Ceiling Fan CEI-1230,Air Conditioners & Coolers,Orbis,CEI-1230,9249,7580,1,36,4.0,"premium studio product photograph of a ceiling fan, clean neutral background, ecommerce catalog, front three-quarter view, no logo, 1:1","Orbis Ceiling Fan, front three-quarter product view",light-sweep,YES,"Synthetic proof-of-concept record; replace price, stock, brand and media before production"
BE-0231,IndusTech Inverter Split AC INV-1231,Air Conditioners & Coolers,IndusTech,INV-1231,4199,3440,1,43,4.1,"premium studio product photograph of a inverter split ac, clean neutral background, ecommerce catalog, front three-quarter view, no logo, 1:1","IndusTech Inverter Split AC, front three-quarter product view",none-reduced-motion,YES,"Synthetic proof-of-concept record; replace price, stock, brand and media before production"
BE-0232,NovaTek Window AC WIN-1232,Air Conditioners & Coolers,NovaTek,WIN-1232,5149,4220,1,50,4.2,"premium studio product photograph of a window ac, clean neutral background, ecommerce catalog, front three-quarter view, no logo, 1:1","NovaTek Window AC, front three-quarter product view",card-tilt,YES,"Synthetic proof-of-concept record; replace price, stock, brand and media before production"
BE-0233,Cobalt Air Cooler AIR-1233,Air Conditioners & Coolers,Cobalt,AIR-1233,6099,5000,1,57,4.3,"premium studio product photograph of a air cooler, clean neutral background, ecommerce catalog, front three-quarter view, no logo, 1:1","Cobalt Air Cooler, front three-quarter product view",slow-360-spin,YES,"Synthetic proof-of-concept record; replace price, stock, brand and media before production"
BE-0234,Astra Ceiling Fan CEI-1234,Air Conditioners & Coolers,Astra,CEI-1234,7049,5780,1,64,4.4,"premium studio product photograph of a ceiling fan, clean neutral background, ecommerce catalog, front three-quarter view, no logo, 1:1","Astra Ceiling Fan, front three-quarter product view",hotspot-reveal,YES,"Synthetic proof-of-concept record; replace price, stock, brand and media before production"
BE-0235,Orbis Inverter Split AC INV-1235,Air Conditioners & Coolers,Orbis,INV-1235,6999,5740,1,71,4.5,"premium studio product photograph of a inverter split ac, clean neutral background, ecommerce catalog, front three-quarter view, no logo, 1:1","Orbis Inverter Split AC, front three-quarter product view",parallax-depth,YES,"Synthetic proof-of-concept record; replace price, stock, brand and media before production"
BE-0236,IndusTech Window AC WIN-1236,Air Conditioners & Coolers,IndusTech,WIN-1236,7949,6520,1,78,4.6,"premium studio product photograph of a window ac, clean neutral background, ecommerce catalog, front three-quarter view, no logo, 1:1","IndusTech Window AC, front three-quarter product view",color-swap,YES,"Synthetic proof-of-concept record; replace price, stock, brand and media before production"
BE-0237,NovaTek Air Cooler AIR-1237,Air Conditioners & Coolers,NovaTek,AIR-1237,8899,7300,1,85,4.7,"premium studio product photograph of a air cooler, clean neutral background, ecommerce catalog, front three-quarter view, no logo, 1:1","NovaTek Air Cooler, front three-quarter product view",exploded-view,YES,"Synthetic proof-of-concept record; replace price, stock, brand and media before production"
BE-0238,Cobalt Ceiling Fan CEI-1238,Air Conditioners & Coolers,Cobalt,CEI-1238,9849,8080,1,9,4.8,"premium studio product photograph of a ceiling fan, clean neutral background, ecommerce catalog, front three-quarter view, no logo, 1:1","Cobalt Ceiling Fan, front three-quarter product view",light-sweep,YES,"Synthetic proof-of-concept record; replace price, stock, brand and media before production"
BE-0239,Astra Inverter Split AC INV-1239,Air Conditioners & Coolers,Astra,INV-1239,4799,3940,1,16,4.9,"premium studio product photograph of a inverter split ac, clean neutral background, ecommerce catalog, front three-quarter view, no logo, 1:1","Astra Inverter Split AC, front three-quarter product view",none-reduced-motion,YES,"Synthetic proof-of-concept record; replace price, stock, brand and media before production"
BE-0240,Orbis Window AC WIN-1240,Air Conditioners & Coolers,Orbis,WIN-1240,4749,3890,1,23,3.8,"premium studio product photograph of a window ac, clean neutral background, ecommerce catalog, front three-quarter view, no logo, 1:1","Orbis Window AC, front three-quarter product view",card-tilt,YES,"Synthetic proof-of-concept record; replace price, stock, brand and media before production"
BE-0241,NovaTek Mixer Grinder MIX-1241,Kitchen Appliances,NovaTek,MIX-1241,899,740,1,30,3.9,"premium studio product photograph of a mixer grinder, clean neutral background, ecommerce catalog, front three-quarter view, no logo, 1:1","NovaTek Mixer Grinder, front three-quarter product view",slow-360-spin,YES,"Synthetic proof-of-concept record; replace price, stock, brand and media before production"
BE-0242,Cobalt Air Fryer AIR-1242,Kitchen Appliances,Cobalt,AIR-1242,1849,1520,1,37,4.0,"premium studio product photograph of a air fryer, clean neutral background, ecommerce catalog, front three-quarter view, no logo, 1:1","Cobalt Air Fryer, front three-quarter product view",hotspot-reveal,YES,"Synthetic proof-of-concept record; replace price, stock, brand and media before production"
BE-0243,Astra Microwave Oven MIC-1243,Kitchen Appliances,Astra,MIC-1243,2799,2300,1,44,4.1,"premium studio product photograph of a microwave oven, clean neutral background, ecommerce catalog, front three-quarter view, no logo, 1:1","Astra Microwave Oven, front three-quarter product view",parallax-depth,YES,"Synthetic proof-of-concept record; replace price, stock, brand and media before production"
BE-0244,Orbis Induction Cooktop IND-1244,Kitchen Appliances,Orbis,IND-1244,3749,3070,1,51,4.2,"premium studio product photograph of a induction cooktop, clean neutral background, ecommerce catalog, front three-quarter view, no logo, 1:1","Orbis Induction Cooktop, front three-quarter product view",color-swap,YES,"Synthetic proof-of-concept record; replace price, stock, brand and media before production"
BE-0245,IndusTech OTG OTG-1245,Kitchen Appliances,IndusTech,OTG-1245,3699,3030,1,58,4.3,"premium studio product photograph of a otg, clean neutral background, ecommerce catalog, front three-quarter view, no logo, 1:1","IndusTech OTG, front three-quarter product view",exploded-view,YES,"Synthetic proof-of-concept record; replace price, stock, brand and media before production"
BE-0246,NovaTek Electric Kettle ELE-1246,Kitchen Appliances,NovaTek,ELE-1246,4649,3810,1,65,4.4,"premium studio product photograph of a electric kettle, clean neutral background, ecommerce catalog, front three-quarter view, no logo, 1:1","NovaTek Electric Kettle, front three-quarter product view",light-sweep,YES,"Synthetic proof-of-concept record; replace price, stock, brand and media before production"
BE-0247,Cobalt Mixer Grinder MIX-1247,Kitchen Appliances,Cobalt,MIX-1247,5599,4590,1,72,4.5,"premium studio product photograph of a mixer grinder, clean neutral background, ecommerce catalog, front three-quarter view, no logo, 1:1","Cobalt Mixer Grinder, front three-quarter product view",none-reduced-motion,YES,"Synthetic proof-of-concept record; replace price, stock, brand and media before production"
BE-0248,Astra Air Fryer AIR-1248,Kitchen Appliances,Astra,AIR-1248,6549,5370,1,79,4.6,"premium studio product photograph of a air fryer, clean neutral background, ecommerce catalog, front three-quarter view, no logo, 1:1","Astra Air Fryer, front three-quarter product view",card-tilt,YES,"Synthetic proof-of-concept record; replace price, stock, brand and media before production"
BE-0249,Orbis Microwave Oven MIC-1249,Kitchen Appliances,Orbis,MIC-1249,1499,1230,1,3,4.7,"premium studio product photograph of a microwave oven, clean neutral background, ecommerce catalog, front three-quarter view, no logo, 1:1","Orbis Microwave Oven, front three-quarter product view",slow-360-spin,YES,"Synthetic proof-of-concept record; replace price, stock, brand and media before production"
BE-0250,IndusTech Induction Cooktop IND-1250,Kitchen Appliances,IndusTech,IND-1250,1449,1190,1,10,4.8,"premium studio product photograph of a induction cooktop, clean neutral background, ecommerce catalog, front three-quarter view, no logo, 1:1","IndusTech Induction Cooktop, front three-quarter product view",hotspot-reveal,YES,"Synthetic proof-of-concept record; replace price, stock, brand and media before production"
BE-0251,NovaTek OTG OTG-1251,Kitchen Appliances,NovaTek,OTG-1251,2399,1970,1,17,4.9,"premium studio product photograph of a otg, clean neutral background, ecommerce catalog, front three-quarter view, no logo, 1:1","NovaTek OTG, front three-quarter product view",parallax-depth,YES,"Synthetic proof-of-concept record; replace price, stock, brand and media before production"
BE-0252,Cobalt Electric Kettle ELE-1252,Kitchen Appliances,Cobalt,ELE-1252,3349,2750,1,24,3.8,"premium studio product photograph of a electric kettle, clean neutral background, ecommerce catalog, front three-quarter view, no logo, 1:1","Cobalt Electric Kettle, front three-quarter product view",color-swap,YES,"Synthetic proof-of-concept record; replace price, stock, brand and media before production"
BE-0253,Astra Mixer Grinder MIX-1253,Kitchen Appliances,Astra,MIX-1253,4299,3530,1,31,3.9,"premium studio product photograph of a mixer grinder, clean neutral background, ecommerce catalog, front three-quarter view, no logo, 1:1","Astra Mixer Grinder, front three-quarter product view",exploded-view,YES,"Synthetic proof-of-concept record; replace price, stock, brand and media before production"
BE-0254,Orbis Air Fryer AIR-1254,Kitchen Appliances,Orbis,AIR-1254,5249,4300,1,38,4.0,"premium studio product photograph of a air fryer, clean neutral background, ecommerce catalog, front three-quarter view, no logo, 1:1","Orbis Air Fryer, front three-quarter product view",light-sweep,YES,"Synthetic proof-of-concept record; replace price, stock, brand and media before production"
BE-0255,IndusTech Microwave Oven MIC-1255,Kitchen Appliances,IndusTech,MIC-1255,5199,4260,1,45,4.1,"premium studio product photograph of a microwave oven, clean neutral background, ecommerce catalog, front three-quarter view, no logo, 1:1","IndusTech Microwave Oven, front three-quarter product view",none-reduced-motion,YES,"Synthetic proof-of-concept record; replace price, stock, brand and media before production"
BE-0256,NovaTek Induction Cooktop IND-1256,Kitchen Appliances,NovaTek,IND-1256,6149,5040,1,52,4.2,"premium studio product photograph of a induction cooktop, clean neutral background, ecommerce catalog, front three-quarter view, no logo, 1:1","NovaTek Induction Cooktop, front three-quarter product view",card-tilt,YES,"Synthetic proof-of-concept record; replace price, stock, brand and media before production"
BE-0257,Cobalt OTG OTG-1257,Kitchen Appliances,Cobalt,OTG-1257,1099,900,1,59,4.3,"premium studio product photograph of a otg, clean neutral background, ecommerce catalog, front three-quarter view, no logo, 1:1","Cobalt OTG, front three-quarter product view",slow-360-spin,YES,"Synthetic proof-of-concept record; replace price, stock, brand and media before production"
BE-0258,Astra Electric Kettle ELE-1258,Kitchen Appliances,Astra,ELE-1258,2049,1680,1,66,4.4,"premium studio product photograph of a electric kettle, clean neutral background, ecommerce catalog, front three-quarter view, no logo, 1:1","Astra Electric Kettle, front three-quarter product view",hotspot-reveal,YES,"Synthetic proof-of-concept record; replace price, stock, brand and media before production"
BE-0259,Orbis Mixer Grinder MIX-1259,Kitchen Appliances,Orbis,MIX-1259,2999,2460,1,73,4.5,"premium studio product photograph of a mixer grinder, clean neutral background, ecommerce catalog, front three-quarter view, no logo, 1:1","Orbis Mixer Grinder, front three-quarter product view",parallax-depth,YES,"Synthetic proof-of-concept record; replace price, stock, brand and media before production"
BE-0260,IndusTech Air Fryer AIR-1260,Kitchen Appliances,IndusTech,AIR-1260,2949,2420,1,80,4.6,"premium studio product photograph of a air fryer, clean neutral background, ecommerce catalog, front three-quarter view, no logo, 1:1","IndusTech Air Fryer, front three-quarter product view",color-swap,YES,"Synthetic proof-of-concept record; replace price, stock, brand and media before production"
BE-0261,NovaTek Microwave Oven MIC-1261,Kitchen Appliances,NovaTek,MIC-1261,3899,3200,1,4,4.7,"premium studio product photograph of a microwave oven, clean neutral background, ecommerce catalog, front three-quarter view, no logo, 1:1","NovaTek Microwave Oven, front three-quarter product view",exploded-view,YES,"Synthetic proof-of-concept record; replace price, stock, brand and media before production"
BE-0262,Cobalt Induction Cooktop IND-1262,Kitchen Appliances,Cobalt,IND-1262,4849,3980,1,11,4.8,"premium studio product photograph of a induction cooktop, clean neutral background, ecommerce catalog, front three-quarter view, no logo, 1:1","Cobalt Induction Cooktop, front three-quarter product view",light-sweep,YES,"Synthetic proof-of-concept record; replace price, stock, brand and media before production"
BE-0263,Astra OTG OTG-1263,Kitchen Appliances,Astra,OTG-1263,5799,4760,1,18,4.9,"premium studio product photograph of a otg, clean neutral background, ecommerce catalog, front three-quarter view, no logo, 1:1","Astra OTG, front three-quarter product view",none-reduced-motion,YES,"Synthetic proof-of-concept record; replace price, stock, brand and media before production"
BE-0264,Orbis Electric Kettle ELE-1264,Kitchen Appliances,Orbis,ELE-1264,6749,5530,1,25,3.8,"premium studio product photograph of a electric kettle, clean neutral background, ecommerce catalog, front three-quarter view, no logo, 1:1","Orbis Electric Kettle, front three-quarter product view",card-tilt,YES,"Synthetic proof-of-concept record; replace price, stock, brand and media before production"
BE-0265,IndusTech Mixer Grinder MIX-1265,Kitchen Appliances,IndusTech,MIX-1265,699,570,1,32,3.9,"premium studio product photograph of a mixer grinder, clean neutral background, ecommerce catalog, front three-quarter view, no logo, 1:1","IndusTech Mixer Grinder, front three-quarter product view",slow-360-spin,YES,"Synthetic proof-of-concept record; replace price, stock, brand and media before production"
BE-0266,NovaTek Air Fryer AIR-1266,Kitchen Appliances,NovaTek,AIR-1266,1649,1350,1,39,4.0,"premium studio product photograph of a air fryer, clean neutral background, ecommerce catalog, front three-quarter view, no logo, 1:1","NovaTek Air Fryer, front three-quarter product view",hotspot-reveal,YES,"Synthetic proof-of-concept record; replace price, stock, brand and media before production"
BE-0267,Cobalt Microwave Oven MIC-1267,Kitchen Appliances,Cobalt,MIC-1267,2599,2130,1,46,4.1,"premium studio product photograph of a microwave oven, clean neutral background, ecommerce catalog, front three-quarter view, no logo, 1:1","Cobalt Microwave Oven, front three-quarter product view",parallax-depth,YES,"Synthetic proof-of-concept record; replace price, stock, brand and media before production"
BE-0268,Astra Induction Cooktop IND-1268,Kitchen Appliances,Astra,IND-1268,3549,2910,1,53,4.2,"premium studio product photograph of a induction cooktop, clean neutral background, ecommerce catalog, front three-quarter view, no logo, 1:1","Astra Induction Cooktop, front three-quarter product view",color-swap,YES,"Synthetic proof-of-concept record; replace price, stock, brand and media before production"
BE-0269,Orbis OTG OTG-1269,Kitchen Appliances,Orbis,OTG-1269,4499,3690,1,60,4.3,"premium studio product photograph of a otg, clean neutral background, ecommerce catalog, front three-quarter view, no logo, 1:1","Orbis OTG, front three-quarter product view",exploded-view,YES,"Synthetic proof-of-concept record; replace price, stock, brand and media before production"
BE-0270,IndusTech Electric Kettle ELE-1270,Kitchen Appliances,IndusTech,ELE-1270,4449,3650,1,67,4.4,"premium studio product photograph of a electric kettle, clean neutral background, ecommerce catalog, front three-quarter view, no logo, 1:1","IndusTech Electric Kettle, front three-quarter product view",light-sweep,YES,"Synthetic proof-of-concept record; replace price, stock, brand and media before production"
BE-0271,NovaTek Mixer Grinder MIX-1271,Kitchen Appliances,NovaTek,MIX-1271,5399,4430,1,74,4.5,"premium studio product photograph of a mixer grinder, clean neutral background, ecommerce catalog, front three-quarter view, no logo, 1:1","NovaTek Mixer Grinder, front three-quarter product view",none-reduced-motion,YES,"Synthetic proof-of-concept record; replace price, stock, brand and media before production"
BE-0272,Cobalt Air Fryer AIR-1272,Kitchen Appliances,Cobalt,AIR-1272,6349,5210,1,81,4.6,"premium studio product photograph of a air fryer, clean neutral background, ecommerce catalog, front three-quarter view, no logo, 1:1","Cobalt Air Fryer, front three-quarter product view",card-tilt,YES,"Synthetic proof-of-concept record; replace price, stock, brand and media before production"
BE-0273,IndusTech Vacuum Cleaner VAC-1273,Small Home Appliances,IndusTech,VAC-1273,1399,1150,1,5,4.7,"premium studio product photograph of a vacuum cleaner, clean neutral background, ecommerce catalog, front three-quarter view, no logo, 1:1","IndusTech Vacuum Cleaner, front three-quarter product view",slow-360-spin,YES,"Synthetic proof-of-concept record; replace price, stock, brand and media before production"
BE-0274,NovaTek Steam Iron STE-1274,Small Home Appliances,NovaTek,STE-1274,2349,1930,1,12,4.8,"premium studio product photograph of a steam iron, clean neutral background, ecommerce catalog, front three-quarter view, no logo, 1:1","NovaTek Steam Iron, front three-quarter product view",hotspot-reveal,YES,"Synthetic proof-of-concept record; replace price, stock, brand and media before production"
BE-0275,Cobalt Water Heater WAT-1275,Small Home Appliances,Cobalt,WAT-1275,2299,1890,1,19,4.9,"premium studio product photograph of a water heater, clean neutral background, ecommerce catalog, front three-quarter view, no logo, 1:1","Cobalt Water Heater, front three-quarter product view",parallax-depth,YES,"Synthetic proof-of-concept record; replace price, stock, brand and media before production"
BE-0276,Astra Water Purifier WAT-1276,Small Home Appliances,Astra,WAT-1276,3249,2660,1,26,3.8,"premium studio product photograph of a water purifier, clean neutral background, ecommerce catalog, front three-quarter view, no logo, 1:1","Astra Water Purifier, front three-quarter product view",color-swap,YES,"Synthetic proof-of-concept record; replace price, stock, brand and media before production"
BE-0277,Orbis Room Heater ROO-1277,Small Home Appliances,Orbis,ROO-1277,4199,3440,1,33,3.9,"premium studio product photograph of a room heater, clean neutral background, ecommerce catalog, front three-quarter view, no logo, 1:1","Orbis Room Heater, front three-quarter product view",exploded-view,YES,"Synthetic proof-of-concept record; replace price, stock, brand and media before production"
BE-0278,IndusTech Vacuum Cleaner VAC-1278,Small Home Appliances,IndusTech,VAC-1278,5149,4220,1,40,4.0,"premium studio product photograph of a vacuum cleaner, clean neutral background, ecommerce catalog, front three-quarter view, no logo, 1:1","IndusTech Vacuum Cleaner, front three-quarter product view",light-sweep,YES,"Synthetic proof-of-concept record; replace price, stock, brand and media before production"
BE-0279,NovaTek Steam Iron STE-1279,Small Home Appliances,NovaTek,STE-1279,6099,5000,1,47,4.1,"premium studio product photograph of a steam iron, clean neutral background, ecommerce catalog, front three-quarter view, no logo, 1:1","NovaTek Steam Iron, front three-quarter product view",none-reduced-motion,YES,"Synthetic proof-of-concept record; replace price, stock, brand and media before production"
BE-0280,Cobalt Water Heater WAT-1280,Small Home Appliances,Cobalt,WAT-1280,6049,4960,1,54,4.2,"premium studio product photograph of a water heater, clean neutral background, ecommerce catalog, front three-quarter view, no logo, 1:1","Cobalt Water Heater, front three-quarter product view",card-tilt,YES,"Synthetic proof-of-concept record; replace price, stock, brand and media before production"
BE-0281,Astra Water Purifier WAT-1281,Small Home Appliances,Astra,WAT-1281,999,820,1,61,4.3,"premium studio product photograph of a water purifier, clean neutral background, ecommerce catalog, front three-quarter view, no logo, 1:1","Astra Water Purifier, front three-quarter product view",slow-360-spin,YES,"Synthetic proof-of-concept record; replace price, stock, brand and media before production"
BE-0282,Orbis Room Heater ROO-1282,Small Home Appliances,Orbis,ROO-1282,1949,1600,1,68,4.4,"premium studio product photograph of a room heater, clean neutral background, ecommerce catalog, front three-quarter view, no logo, 1:1","Orbis Room Heater, front three-quarter product view",hotspot-reveal,YES,"Synthetic proof-of-concept record; replace price, stock, brand and media before production"
BE-0283,IndusTech Vacuum Cleaner VAC-1283,Small Home Appliances,IndusTech,VAC-1283,2899,2380,1,75,4.5,"premium studio product photograph of a vacuum cleaner, clean neutral background, ecommerce catalog, front three-quarter view, no logo, 1:1","IndusTech Vacuum Cleaner, front three-quarter product view",parallax-depth,YES,"Synthetic proof-of-concept record; replace price, stock, brand and media before production"
BE-0284,NovaTek Steam Iron STE-1284,Small Home Appliances,NovaTek,STE-1284,3849,3160,1,82,4.6,"premium studio product photograph of a steam iron, clean neutral background, ecommerce catalog, front three-quarter view, no logo, 1:1","NovaTek Steam Iron, front three-quarter product view",color-swap,YES,"Synthetic proof-of-concept record; replace price, stock, brand and media before production"
BE-0285,Cobalt Water Heater WAT-1285,Small Home Appliances,Cobalt,WAT-1285,3799,3120,1,6,4.7,"premium studio product photograph of a water heater, clean neutral background, ecommerce catalog, front three-quarter view, no logo, 1:1","Cobalt Water Heater, front three-quarter product view",exploded-view,YES,"Synthetic proof-of-concept record; replace price, stock, brand and media before production"
BE-0286,Astra Water Purifier WAT-1286,Small Home Appliances,Astra,WAT-1286,4749,3890,1,13,4.8,"premium studio product photograph of a water purifier, clean neutral background, ecommerce catalog, front three-quarter view, no logo, 1:1","Astra Water Purifier, front three-quarter product view",light-sweep,YES,"Synthetic proof-of-concept record; replace price, stock, brand and media before production"
BE-0287,Orbis Room Heater ROO-1287,Small Home Appliances,Orbis,ROO-1287,5699,4670,1,20,4.9,"premium studio product photograph of a room heater, clean neutral background, ecommerce catalog, front three-quarter view, no logo, 1:1","Orbis Room Heater, front three-quarter product view",none-reduced-motion,YES,"Synthetic proof-of-concept record; replace price, stock, brand and media before production"
BE-0288,IndusTech Vacuum Cleaner VAC-1288,Small Home Appliances,IndusTech,VAC-1288,6649,5450,1,27,3.8,"premium studio product photograph of a vacuum cleaner, clean neutral background, ecommerce catalog, front three-quarter view, no logo, 1:1","IndusTech Vacuum Cleaner, front three-quarter product view",card-tilt,YES,"Synthetic proof-of-concept record; replace price, stock, brand and media before production"
BE-0289,NovaTek Steam Iron STE-1289,Small Home Appliances,NovaTek,STE-1289,1599,1310,1,34,3.9,"premium studio product photograph of a steam iron, clean neutral background, ecommerce catalog, front three-quarter view, no logo, 1:1","NovaTek Steam Iron, front three-quarter product view",slow-360-spin,YES,"Synthetic proof-of-concept record; replace price, stock, brand and media before production"
BE-0290,Cobalt Water Heater WAT-1290,Small Home Appliances,Cobalt,WAT-1290,1549,1270,1,41,4.0,"premium studio product photograph of a water heater, clean neutral background, ecommerce catalog, front three-quarter view, no logo, 1:1","Cobalt Water Heater, front three-quarter product view",hotspot-reveal,YES,"Synthetic proof-of-concept record; replace price, stock, brand and media before production"
BE-0291,Astra Water Purifier WAT-1291,Small Home Appliances,Astra,WAT-1291,2499,2050,1,48,4.1,"premium studio product photograph of a water purifier, clean neutral background, ecommerce catalog, front three-quarter view, no logo, 1:1","Astra Water Purifier, front three-quarter product view",parallax-depth,YES,"Synthetic proof-of-concept record; replace price, stock, brand and media before production"
BE-0292,Orbis Room Heater ROO-1292,Small Home Appliances,Orbis,ROO-1292,3449,2830,1,55,4.2,"premium studio product photograph of a room heater, clean neutral background, ecommerce catalog, front three-quarter view, no logo, 1:1","Orbis Room Heater, front three-quarter product view",color-swap,YES,"Synthetic proof-of-concept record; replace price, stock, brand and media before production"
BE-0293,IndusTech Vacuum Cleaner VAC-1293,Small Home Appliances,IndusTech,VAC-1293,4399,3610,1,62,4.3,"premium studio product photograph of a vacuum cleaner, clean neutral background, ecommerce catalog, front three-quarter view, no logo, 1:1","IndusTech Vacuum Cleaner, front three-quarter product view",exploded-view,YES,"Synthetic proof-of-concept record; replace price, stock, brand and media before production"
BE-0294,NovaTek Steam Iron STE-1294,Small Home Appliances,NovaTek,STE-1294,5349,4390,1,69,4.4,"premium studio product photograph of a steam iron, clean neutral background, ecommerce catalog, front three-quarter view, no logo, 1:1","NovaTek Steam Iron, front three-quarter product view",light-sweep,YES,"Synthetic proof-of-concept record; replace price, stock, brand and media before production"
BE-0295,Cobalt Water Heater WAT-1295,Small Home Appliances,Cobalt,WAT-1295,5299,4350,1,76,4.5,"premium studio product photograph of a water heater, clean neutral background, ecommerce catalog, front three-quarter view, no logo, 1:1","Cobalt Water Heater, front three-quarter product view",none-reduced-motion,YES,"Synthetic proof-of-concept record; replace price, stock, brand and media before production"
BE-0296,Astra Water Purifier WAT-1296,Small Home Appliances,Astra,WAT-1296,6249,5120,1,83,4.6,"premium studio product photograph of a water purifier, clean neutral background, ecommerce catalog, front three-quarter view, no logo, 1:1","Astra Water Purifier, front three-quarter product view",card-tilt,YES,"Synthetic proof-of-concept record; replace price, stock, brand and media before production"
BE-0297,Orbis Room Heater ROO-1297,Small Home Appliances,Orbis,ROO-1297,1199,980,1,7,4.7,"premium studio product photograph of a room heater, clean neutral background, ecommerce catalog, front three-quarter view, no logo, 1:1","Orbis Room Heater, front three-quarter product view",slow-360-spin,YES,"Synthetic proof-of-concept record; replace price, stock, brand and media before production"
BE-0298,IndusTech Vacuum Cleaner VAC-1298,Small Home Appliances,IndusTech,VAC-1298,2149,1760,1,14,4.8,"premium studio product photograph of a vacuum cleaner, clean neutral background, ecommerce catalog, front three-quarter view, no logo, 1:1","IndusTech Vacuum Cleaner, front three-quarter product view",hotspot-reveal,YES,"Synthetic proof-of-concept record; replace price, stock, brand and media before production"
BE-0299,NovaTek Steam Iron STE-1299,Small Home Appliances,NovaTek,STE-1299,3099,2540,1,21,4.9,"premium studio product photograph of a steam iron, clean neutral background, ecommerce catalog, front three-quarter view, no logo, 1:1","NovaTek Steam Iron, front three-quarter product view",parallax-depth,YES,"Synthetic proof-of-concept record; replace price, stock, brand and media before production"
BE-0300,Cobalt Water Heater WAT-1300,Small Home Appliances,Cobalt,WAT-1300,3049,2500,1,28,3.8,"premium studio product photograph of a water heater, clean neutral background, ecommerce catalog, front three-quarter view, no logo, 1:1","Cobalt Water Heater, front three-quarter product view",color-swap,YES,"Synthetic proof-of-concept record; replace price, stock, brand and media before production"
BE-0301,NovaTek Mirrorless Camera MIR-1301,Cameras & Imaging,NovaTek,MIR-1301,5199,4260,1,35,3.9,"premium studio product photograph of a mirrorless camera, clean neutral background, ecommerce catalog, front three-quarter view, no logo, 1:1","NovaTek Mirrorless Camera, front three-quarter product view",exploded-view,YES,"Synthetic proof-of-concept record; replace price, stock, brand and media before production"
BE-0302,Cobalt Action Camera ACT-1302,Cameras & Imaging,Cobalt,ACT-1302,6149,5040,1,42,4.0,"premium studio product photograph of a action camera, clean neutral background, ecommerce catalog, front three-quarter view, no logo, 1:1","Cobalt Action Camera, front three-quarter product view",light-sweep,YES,"Synthetic proof-of-concept record; replace price, stock, brand and media before production"
BE-0303,Astra Instant Camera INS-1303,Cameras & Imaging,Astra,INS-1303,7099,5820,1,49,4.1,"premium studio product photograph of a instant camera, clean neutral background, ecommerce catalog, front three-quarter view, no logo, 1:1","Astra Instant Camera, front three-quarter product view",none-reduced-motion,YES,"Synthetic proof-of-concept record; replace price, stock, brand and media before production"
BE-0304,Orbis Camera Lens CAM-1304,Cameras & Imaging,Orbis,CAM-1304,8049,6600,1,56,4.2,"premium studio product photograph of a camera lens, clean neutral background, ecommerce catalog, front three-quarter view, no logo, 1:1","Orbis Camera Lens, front three-quarter product view",card-tilt,YES,"Synthetic proof-of-concept record; replace price, stock, brand and media before production"
BE-0305,IndusTech Mirrorless Camera MIR-1305,Cameras & Imaging,IndusTech,MIR-1305,7999,6560,1,63,4.3,"premium studio product photograph of a mirrorless camera, clean neutral background, ecommerce catalog, front three-quarter view, no logo, 1:1","IndusTech Mirrorless Camera, front three-quarter product view",slow-360-spin,YES,"Synthetic proof-of-concept record; replace price, stock, brand and media before production"
BE-0306,NovaTek Action Camera ACT-1306,Cameras & Imaging,NovaTek,ACT-1306,8949,7340,1,70,4.4,"premium studio product photograph of a action camera, clean neutral background, ecommerce catalog, front three-quarter view, no logo, 1:1","NovaTek Action Camera, front three-quarter product view",hotspot-reveal,YES,"Synthetic proof-of-concept record; replace price, stock, brand and media before production"
BE-0307,Cobalt Instant Camera INS-1307,Cameras & Imaging,Cobalt,INS-1307,9899,8120,1,77,4.5,"premium studio product photograph of a instant camera, clean neutral background, ecommerce catalog, front three-quarter view, no logo, 1:1","Cobalt Instant Camera, front three-quarter product view",parallax-depth,YES,"Synthetic proof-of-concept record; replace price, stock, brand and media before production"
BE-0308,Astra Camera Lens CAM-1308,Cameras & Imaging,Astra,CAM-1308,10849,8900,1,84,4.6,"premium studio product photograph of a camera lens, clean neutral background, ecommerce catalog, front three-quarter view, no logo, 1:1","Astra Camera Lens, front three-quarter product view",color-swap,YES,"Synthetic proof-of-concept record; replace price, stock, brand and media before production"
BE-0309,Orbis Mirrorless Camera MIR-1309,Cameras & Imaging,Orbis,MIR-1309,5799,4760,1,8,4.7,"premium studio product photograph of a mirrorless camera, clean neutral background, ecommerce catalog, front three-quarter view, no logo, 1:1","Orbis Mirrorless Camera, front three-quarter product view",exploded-view,YES,"Synthetic proof-of-concept record; replace price, stock, brand and media before production"
BE-0310,IndusTech Action Camera ACT-1310,Cameras & Imaging,IndusTech,ACT-1310,5749,4710,1,15,4.8,"premium studio product photograph of a action camera, clean neutral background, ecommerce catalog, front three-quarter view, no logo, 1:1","IndusTech Action Camera, front three-quarter product view",light-sweep,YES,"Synthetic proof-of-concept record; replace price, stock, brand and media before production"
BE-0311,NovaTek Instant Camera INS-1311,Cameras & Imaging,NovaTek,INS-1311,6699,5490,1,22,4.9,"premium studio product photograph of a instant camera, clean neutral background, ecommerce catalog, front three-quarter view, no logo, 1:1","NovaTek Instant Camera, front three-quarter product view",none-reduced-motion,YES,"Synthetic proof-of-concept record; replace price, stock, brand and media before production"
BE-0312,Cobalt Camera Lens CAM-1312,Cameras & Imaging,Cobalt,CAM-1312,7649,6270,1,29,3.8,"premium studio product photograph of a camera lens, clean neutral background, ecommerce catalog, front three-quarter view, no logo, 1:1","Cobalt Camera Lens, front three-quarter product view",card-tilt,YES,"Synthetic proof-of-concept record; replace price, stock, brand and media before production"
BE-0313,Astra Mirrorless Camera MIR-1313,Cameras & Imaging,Astra,MIR-1313,8599,7050,1,36,3.9,"premium studio product photograph of a mirrorless camera, clean neutral background, ecommerce catalog, front three-quarter view, no logo, 1:1","Astra Mirrorless Camera, front three-quarter product view",slow-360-spin,YES,"Synthetic proof-of-concept record; replace price, stock, brand and media before production"
BE-0314,Orbis Action Camera ACT-1314,Cameras & Imaging,Orbis,ACT-1314,9549,7830,1,43,4.0,"premium studio product photograph of a action camera, clean neutral background, ecommerce catalog, front three-quarter view, no logo, 1:1","Orbis Action Camera, front three-quarter product view",hotspot-reveal,YES,"Synthetic proof-of-concept record; replace price, stock, brand and media before production"
BE-0315,IndusTech Instant Camera INS-1315,Cameras & Imaging,IndusTech,INS-1315,9499,7790,1,50,4.1,"premium studio product photograph of a instant camera, clean neutral background, ecommerce catalog, front three-quarter view, no logo, 1:1","IndusTech Instant Camera, front three-quarter product view",parallax-depth,YES,"Synthetic proof-of-concept record; replace price, stock, brand and media before production"
BE-0316,NovaTek Camera Lens CAM-1316,Cameras & Imaging,NovaTek,CAM-1316,10449,8570,1,57,4.2,"premium studio product photograph of a camera lens, clean neutral background, ecommerce catalog, front three-quarter view, no logo, 1:1","NovaTek Camera Lens, front three-quarter product view",color-swap,YES,"Synthetic proof-of-concept record; replace price, stock, brand and media before production"
BE-0317,Astra Gaming Console GAM-1317,Gaming,Astra,GAM-1317,1699,1390,1,64,4.3,"premium studio product photograph of a gaming console, clean neutral background, ecommerce catalog, front three-quarter view, no logo, 1:1","Astra Gaming Console, front three-quarter product view",exploded-view,YES,"Synthetic proof-of-concept record; replace price, stock, brand and media before production"
BE-0318,Orbis Controller CON-1318,Gaming,Orbis,CON-1318,2649,2170,1,71,4.4,"premium studio product photograph of a controller, clean neutral background, ecommerce catalog, front three-quarter view, no logo, 1:1","Orbis Controller, front three-quarter product view",light-sweep,YES,"Synthetic proof-of-concept record; replace price, stock, brand and media before production"
BE-0319,IndusTech Gaming Monitor GAM-1319,Gaming,IndusTech,GAM-1319,3599,2950,1,78,4.5,"premium studio product photograph of a gaming monitor, clean neutral background, ecommerce catalog, front three-quarter view, no logo, 1:1","IndusTech Gaming Monitor, front three-quarter product view",none-reduced-motion,YES,"Synthetic proof-of-concept record; replace price, stock, brand and media before production"
BE-0320,NovaTek Gaming Keyboard GAM-1320,Gaming,NovaTek,GAM-1320,3549,2910,1,85,4.6,"premium studio product photograph of a gaming keyboard, clean neutral background, ecommerce catalog, front three-quarter view, no logo, 1:1","NovaTek Gaming Keyboard, front three-quarter product view",card-tilt,YES,"Synthetic proof-of-concept record; replace price, stock, brand and media before production"
BE-0321,Cobalt Gaming Mouse GAM-1321,Gaming,Cobalt,GAM-1321,4499,3690,1,9,4.7,"premium studio product photograph of a gaming mouse, clean neutral background, ecommerce catalog, front three-quarter view, no logo, 1:1","Cobalt Gaming Mouse, front three-quarter product view",slow-360-spin,YES,"Synthetic proof-of-concept record; replace price, stock, brand and media before production"
BE-0322,Astra Gaming Console GAM-1322,Gaming,Astra,GAM-1322,5449,4470,1,16,4.8,"premium studio product photograph of a gaming console, clean neutral background, ecommerce catalog, front three-quarter view, no logo, 1:1","Astra Gaming Console, front three-quarter product view",hotspot-reveal,YES,"Synthetic proof-of-concept record; replace price, stock, brand and media before production"
BE-0323,Orbis Controller CON-1323,Gaming,Orbis,CON-1323,6399,5250,1,23,4.9,"premium studio product photograph of a controller, clean neutral background, ecommerce catalog, front three-quarter view, no logo, 1:1","Orbis Controller, front three-quarter product view",parallax-depth,YES,"Synthetic proof-of-concept record; replace price, stock, brand and media before production"
BE-0324,IndusTech Gaming Monitor GAM-1324,Gaming,IndusTech,GAM-1324,7349,6030,1,30,3.8,"premium studio product photograph of a gaming monitor, clean neutral background, ecommerce catalog, front three-quarter view, no logo, 1:1","IndusTech Gaming Monitor, front three-quarter product view",color-swap,YES,"Synthetic proof-of-concept record; replace price, stock, brand and media before production"
BE-0325,NovaTek Gaming Keyboard GAM-1325,Gaming,NovaTek,GAM-1325,1299,1070,1,37,3.9,"premium studio product photograph of a gaming keyboard, clean neutral background, ecommerce catalog, front three-quarter view, no logo, 1:1","NovaTek Gaming Keyboard, front three-quarter product view",exploded-view,YES,"Synthetic proof-of-concept record; replace price, stock, brand and media before production"
BE-0326,Cobalt Gaming Mouse GAM-1326,Gaming,Cobalt,GAM-1326,2249,1840,1,44,4.0,"premium studio product photograph of a gaming mouse, clean neutral background, ecommerce catalog, front three-quarter view, no logo, 1:1","Cobalt Gaming Mouse, front three-quarter product view",light-sweep,YES,"Synthetic proof-of-concept record; replace price, stock, brand and media before production"
BE-0327,Astra Gaming Console GAM-1327,Gaming,Astra,GAM-1327,3199,2620,1,51,4.1,"premium studio product photograph of a gaming console, clean neutral background, ecommerce catalog, front three-quarter view, no logo, 1:1","Astra Gaming Console, front three-quarter product view",none-reduced-motion,YES,"Synthetic proof-of-concept record; replace price, stock, brand and media before production"
BE-0328,Orbis Controller CON-1328,Gaming,Orbis,CON-1328,4149,3400,1,58,4.2,"premium studio product photograph of a controller, clean neutral background, ecommerce catalog, front three-quarter view, no logo, 1:1","Orbis Controller, front three-quarter product view",card-tilt,YES,"Synthetic proof-of-concept record; replace price, stock, brand and media before production"
BE-0329,IndusTech Gaming Monitor GAM-1329,Gaming,IndusTech,GAM-1329,5099,4180,1,65,4.3,"premium studio product photograph of a gaming monitor, clean neutral background, ecommerce catalog, front three-quarter view, no logo, 1:1","IndusTech Gaming Monitor, front three-quarter product view",slow-360-spin,YES,"Synthetic proof-of-concept record; replace price, stock, brand and media before production"
BE-0330,NovaTek Gaming Keyboard GAM-1330,Gaming,NovaTek,GAM-1330,5049,4140,1,72,4.4,"premium studio product photograph of a gaming keyboard, clean neutral background, ecommerce catalog, front three-quarter view, no logo, 1:1","NovaTek Gaming Keyboard, front three-quarter product view",hotspot-reveal,YES,"Synthetic proof-of-concept record; replace price, stock, brand and media before production"
BE-0331,Cobalt Gaming Mouse GAM-1331,Gaming,Cobalt,GAM-1331,5999,4920,1,79,4.5,"premium studio product photograph of a gaming mouse, clean neutral background, ecommerce catalog, front three-quarter view, no logo, 1:1","Cobalt Gaming Mouse, front three-quarter product view",parallax-depth,YES,"Synthetic proof-of-concept record; replace price, stock, brand and media before production"
BE-0332,Astra Gaming Console GAM-1332,Gaming,Astra,GAM-1332,6949,5700,1,3,4.6,"premium studio product photograph of a gaming console, clean neutral background, ecommerce catalog, front three-quarter view, no logo, 1:1","Astra Gaming Console, front three-quarter product view",color-swap,YES,"Synthetic proof-of-concept record; replace price, stock, brand and media before production"
BE-0333,Orbis Controller CON-1333,Gaming,Orbis,CON-1333,1899,1560,1,10,4.7,"premium studio product photograph of a controller, clean neutral background, ecommerce catalog, front three-quarter view, no logo, 1:1","Orbis Controller, front three-quarter product view",exploded-view,YES,"Synthetic proof-of-concept record; replace price, stock, brand and media before production"
BE-0334,IndusTech Gaming Monitor GAM-1334,Gaming,IndusTech,GAM-1334,2849,2340,1,17,4.8,"premium studio product photograph of a gaming monitor, clean neutral background, ecommerce catalog, front three-quarter view, no logo, 1:1","IndusTech Gaming Monitor, front three-quarter product view",light-sweep,YES,"Synthetic proof-of-concept record; replace price, stock, brand and media before production"
BE-0335,NovaTek Gaming Keyboard GAM-1335,Gaming,NovaTek,GAM-1335,2799,2300,1,24,4.9,"premium studio product photograph of a gaming keyboard, clean neutral background, ecommerce catalog, front three-quarter view, no logo, 1:1","NovaTek Gaming Keyboard, front three-quarter product view",none-reduced-motion,YES,"Synthetic proof-of-concept record; replace price, stock, brand and media before production"
BE-0336,Cobalt Gaming Mouse GAM-1336,Gaming,Cobalt,GAM-1336,3749,3070,1,31,3.8,"premium studio product photograph of a gaming mouse, clean neutral background, ecommerce catalog, front three-quarter view, no logo, 1:1","Cobalt Gaming Mouse, front three-quarter product view",card-tilt,YES,"Synthetic proof-of-concept record; replace price, stock, brand and media before production"
BE-0337,Astra Gaming Console GAM-1337,Gaming,Astra,GAM-1337,4699,3850,1,38,3.9,"premium studio product photograph of a gaming console, clean neutral background, ecommerce catalog, front three-quarter view, no logo, 1:1","Astra Gaming Console, front three-quarter product view",slow-360-spin,YES,"Synthetic proof-of-concept record; replace price, stock, brand and media before production"
BE-0338,Orbis Controller CON-1338,Gaming,Orbis,CON-1338,5649,4630,1,45,4.0,"premium studio product photograph of a controller, clean neutral background, ecommerce catalog, front three-quarter view, no logo, 1:1","Orbis Controller, front three-quarter product view",hotspot-reveal,YES,"Synthetic proof-of-concept record; replace price, stock, brand and media before production"
BE-0339,IndusTech Gaming Monitor GAM-1339,Gaming,IndusTech,GAM-1339,6599,5410,1,52,4.1,"premium studio product photograph of a gaming monitor, clean neutral background, ecommerce catalog, front three-quarter view, no logo, 1:1","IndusTech Gaming Monitor, front three-quarter product view",parallax-depth,YES,"Synthetic proof-of-concept record; replace price, stock, brand and media before production"
BE-0340,NovaTek Gaming Keyboard GAM-1340,Gaming,NovaTek,GAM-1340,6549,5370,1,59,4.2,"premium studio product photograph of a gaming keyboard, clean neutral background, ecommerce catalog, front three-quarter view, no logo, 1:1","NovaTek Gaming Keyboard, front three-quarter product view",color-swap,YES,"Synthetic proof-of-concept record; replace price, stock, brand and media before production"
BE-0341,NovaTek Wi-Fi 6 Router WIF-1341,Networking,NovaTek,WIF-1341,899,740,1,66,4.3,"premium studio product photograph of a wi-fi 6 router, clean neutral background, ecommerce catalog, front three-quarter view, no logo, 1:1","NovaTek Wi-Fi 6 Router, front three-quarter product view",exploded-view,YES,"Synthetic proof-of-concept record; replace price, stock, brand and media before production"
BE-0342,Cobalt Mesh Wi-Fi Kit MES-1342,Networking,Cobalt,MES-1342,1849,1520,1,73,4.4,"premium studio product photograph of a mesh wi-fi kit, clean neutral background, ecommerce catalog, front three-quarter view, no logo, 1:1","Cobalt Mesh Wi-Fi Kit, front three-quarter product view",light-sweep,YES,"Synthetic proof-of-concept record; replace price, stock, brand and media before production"
BE-0343,Astra Gigabit Switch GIG-1343,Networking,Astra,GIG-1343,2799,2300,1,80,4.5,"premium studio product photograph of a gigabit switch, clean neutral background, ecommerce catalog, front three-quarter view, no logo, 1:1","Astra Gigabit Switch, front three-quarter product view",none-reduced-motion,YES,"Synthetic proof-of-concept record; replace price, stock, brand and media before production"
BE-0344,Orbis USB Wi-Fi Adapter USB-1344,Networking,Orbis,USB-1344,3749,3070,1,4,4.6,"premium studio product photograph of a usb wi-fi adapter, clean neutral background, ecommerce catalog, front three-quarter view, no logo, 1:1","Orbis USB Wi-Fi Adapter, front three-quarter product view",card-tilt,YES,"Synthetic proof-of-concept record; replace price, stock, brand and media before production"
BE-0345,IndusTech Wi-Fi 6 Router WIF-1345,Networking,IndusTech,WIF-1345,3699,3030,1,11,4.7,"premium studio product photograph of a wi-fi 6 router, clean neutral background, ecommerce catalog, front three-quarter view, no logo, 1:1","IndusTech Wi-Fi 6 Router, front three-quarter product view",slow-360-spin,YES,"Synthetic proof-of-concept record; replace price, stock, brand and media before production"
BE-0346,NovaTek Mesh Wi-Fi Kit MES-1346,Networking,NovaTek,MES-1346,4649,3810,1,18,4.8,"premium studio product photograph of a mesh wi-fi kit, clean neutral background, ecommerce catalog, front three-quarter view, no logo, 1:1","NovaTek Mesh Wi-Fi Kit, front three-quarter product view",hotspot-reveal,YES,"Synthetic proof-of-concept record; replace price, stock, brand and media before production"
BE-0347,Cobalt Gigabit Switch GIG-1347,Networking,Cobalt,GIG-1347,5599,4590,1,25,4.9,"premium studio product photograph of a gigabit switch, clean neutral background, ecommerce catalog, front three-quarter view, no logo, 1:1","Cobalt Gigabit Switch, front three-quarter product view",parallax-depth,YES,"Synthetic proof-of-concept record; replace price, stock, brand and media before production"
BE-0348,Astra USB Wi-Fi Adapter USB-1348,Networking,Astra,USB-1348,6549,5370,1,32,3.8,"premium studio product photograph of a usb wi-fi adapter, clean neutral background, ecommerce catalog, front three-quarter view, no logo, 1:1","Astra USB Wi-Fi Adapter, front three-quarter product view",color-swap,YES,"Synthetic proof-of-concept record; replace price, stock, brand and media before production"
BE-0349,Orbis Wi-Fi 6 Router WIF-1349,Networking,Orbis,WIF-1349,1499,1230,1,39,3.9,"premium studio product photograph of a wi-fi 6 router, clean neutral background, ecommerce catalog, front three-quarter view, no logo, 1:1","Orbis Wi-Fi 6 Router, front three-quarter product view",exploded-view,YES,"Synthetic proof-of-concept record; replace price, stock, brand and media before production"
BE-0350,IndusTech Mesh Wi-Fi Kit MES-1350,Networking,IndusTech,MES-1350,1449,1190,1,46,4.0,"premium studio product photograph of a mesh wi-fi kit, clean neutral background, ecommerce catalog, front three-quarter view, no logo, 1:1","IndusTech Mesh Wi-Fi Kit, front three-quarter product view",light-sweep,YES,"Synthetic proof-of-concept record; replace price, stock, brand and media before production"
BE-0351,NovaTek Gigabit Switch GIG-1351,Networking,NovaTek,GIG-1351,2399,1970,1,53,4.1,"premium studio product photograph of a gigabit switch, clean neutral background, ecommerce catalog, front three-quarter view, no logo, 1:1","NovaTek Gigabit Switch, front three-quarter product view",none-reduced-motion,YES,"Synthetic proof-of-concept record; replace price, stock, brand and media before production"
BE-0352,Cobalt USB Wi-Fi Adapter USB-1352,Networking,Cobalt,USB-1352,3349,2750,1,60,4.2,"premium studio product photograph of a usb wi-fi adapter, clean neutral background, ecommerce catalog, front three-quarter view, no logo, 1:1","Cobalt USB Wi-Fi Adapter, front three-quarter product view",card-tilt,YES,"Synthetic proof-of-concept record; replace price, stock, brand and media before production"
BE-0353,Astra Wi-Fi 6 Router WIF-1353,Networking,Astra,WIF-1353,4299,3530,1,67,4.3,"premium studio product photograph of a wi-fi 6 router, clean neutral background, ecommerce catalog, front three-quarter view, no logo, 1:1","Astra Wi-Fi 6 Router, front three-quarter product view",slow-360-spin,YES,"Synthetic proof-of-concept record; replace price, stock, brand and media before production"
BE-0354,Orbis Mesh Wi-Fi Kit MES-1354,Networking,Orbis,MES-1354,5249,4300,1,74,4.4,"premium studio product photograph of a mesh wi-fi kit, clean neutral background, ecommerce catalog, front three-quarter view, no logo, 1:1","Orbis Mesh Wi-Fi Kit, front three-quarter product view",hotspot-reveal,YES,"Synthetic proof-of-concept record; replace price, stock, brand and media before production"
BE-0355,IndusTech Gigabit Switch GIG-1355,Networking,IndusTech,GIG-1355,5199,4260,1,81,4.5,"premium studio product photograph of a gigabit switch, clean neutral background, ecommerce catalog, front three-quarter view, no logo, 1:1","IndusTech Gigabit Switch, front three-quarter product view",parallax-depth,YES,"Synthetic proof-of-concept record; replace price, stock, brand and media before production"
BE-0356,NovaTek USB Wi-Fi Adapter USB-1356,Networking,NovaTek,USB-1356,6149,5040,1,5,4.6,"premium studio product photograph of a usb wi-fi adapter, clean neutral background, ecommerce catalog, front three-quarter view, no logo, 1:1","NovaTek USB Wi-Fi Adapter, front three-quarter product view",color-swap,YES,"Synthetic proof-of-concept record; replace price, stock, brand and media before production"
BE-0357,Cobalt Wi-Fi 6 Router WIF-1357,Networking,Cobalt,WIF-1357,1099,900,1,12,4.7,"premium studio product photograph of a wi-fi 6 router, clean neutral background, ecommerce catalog, front three-quarter view, no logo, 1:1","Cobalt Wi-Fi 6 Router, front three-quarter product view",exploded-view,YES,"Synthetic proof-of-concept record; replace price, stock, brand and media before production"
BE-0358,Astra Mesh Wi-Fi Kit MES-1358,Networking,Astra,MES-1358,2049,1680,1,19,4.8,"premium studio product photograph of a mesh wi-fi kit, clean neutral background, ecommerce catalog, front three-quarter view, no logo, 1:1","Astra Mesh Wi-Fi Kit, front three-quarter product view",light-sweep,YES,"Synthetic proof-of-concept record; replace price, stock, brand and media before production"
BE-0359,Orbis Gigabit Switch GIG-1359,Networking,Orbis,GIG-1359,2999,2460,1,26,4.9,"premium studio product photograph of a gigabit switch, clean neutral background, ecommerce catalog, front three-quarter view, no logo, 1:1","Orbis Gigabit Switch, front three-quarter product view",none-reduced-motion,YES,"Synthetic proof-of-concept record; replace price, stock, brand and media before production"
BE-0360,IndusTech USB Wi-Fi Adapter USB-1360,Networking,IndusTech,USB-1360,2949,2420,1,33,3.8,"premium studio product photograph of a usb wi-fi adapter, clean neutral background, ecommerce catalog, front three-quarter view, no logo, 1:1","IndusTech USB Wi-Fi Adapter, front three-quarter product view",card-tilt,YES,"Synthetic proof-of-concept record; replace price, stock, brand and media before production"
BE-0361,NovaTek Wi-Fi 6 Router WIF-1361,Networking,NovaTek,WIF-1361,3899,3200,1,40,3.9,"premium studio product photograph of a wi-fi 6 router, clean neutral background, ecommerce catalog, front three-quarter view, no logo, 1:1","NovaTek Wi-Fi 6 Router, front three-quarter product view",slow-360-spin,YES,"Synthetic proof-of-concept record; replace price, stock, brand and media before production"
BE-0362,Cobalt Mesh Wi-Fi Kit MES-1362,Networking,Cobalt,MES-1362,4849,3980,1,47,4.0,"premium studio product photograph of a mesh wi-fi kit, clean neutral background, ecommerce catalog, front three-quarter view, no logo, 1:1","Cobalt Mesh Wi-Fi Kit, front three-quarter product view",hotspot-reveal,YES,"Synthetic proof-of-concept record; replace price, stock, brand and media before production"
BE-0363,Astra Gigabit Switch GIG-1363,Networking,Astra,GIG-1363,5799,4760,1,54,4.1,"premium studio product photograph of a gigabit switch, clean neutral background, ecommerce catalog, front three-quarter view, no logo, 1:1","Astra Gigabit Switch, front three-quarter product view",parallax-depth,YES,"Synthetic proof-of-concept record; replace price, stock, brand and media before production"
BE-0364,Orbis USB Wi-Fi Adapter USB-1364,Networking,Orbis,USB-1364,6749,5530,1,61,4.2,"premium studio product photograph of a usb wi-fi adapter, clean neutral background, ecommerce catalog, front three-quarter view, no logo, 1:1","Orbis USB Wi-Fi Adapter, front three-quarter product view",color-swap,YES,"Synthetic proof-of-concept record; replace price, stock, brand and media before production"
BE-0365,Orbis IP Camera IPC-1365,CCTV & Security,Orbis,IPC-1365,899,740,1,68,4.3,"premium studio product photograph of a ip camera, clean neutral background, ecommerce catalog, front three-quarter view, no logo, 1:1","Orbis IP Camera, front three-quarter product view",exploded-view,YES,"Synthetic proof-of-concept record; replace price, stock, brand and media before production"
BE-0366,IndusTech DVR Kit DVR-1366,CCTV & Security,IndusTech,DVR-1366,1849,1520,1,75,4.4,"premium studio product photograph of a dvr kit, clean neutral background, ecommerce catalog, front three-quarter view, no logo, 1:1","IndusTech DVR Kit, front three-quarter product view",light-sweep,YES,"Synthetic proof-of-concept record; replace price, stock, brand and media before production"
BE-0367,NovaTek Video Doorbell VID-1367,CCTV & Security,NovaTek,VID-1367,2799,2300,1,82,4.5,"premium studio product photograph of a video doorbell, clean neutral background, ecommerce catalog, front three-quarter view, no logo, 1:1","NovaTek Video Doorbell, front three-quarter product view",none-reduced-motion,YES,"Synthetic proof-of-concept record; replace price, stock, brand and media before production"
BE-0368,Cobalt Smart Lock SMA-1368,CCTV & Security,Cobalt,SMA-1368,3749,3070,1,6,4.6,"premium studio product photograph of a smart lock, clean neutral background, ecommerce catalog, front three-quarter view, no logo, 1:1","Cobalt Smart Lock, front three-quarter product view",card-tilt,YES,"Synthetic proof-of-concept record; replace price, stock, brand and media before production"
BE-0369,Astra IP Camera IPC-1369,CCTV & Security,Astra,IPC-1369,4699,3850,1,13,4.7,"premium studio product photograph of a ip camera, clean neutral background, ecommerce catalog, front three-quarter view, no logo, 1:1","Astra IP Camera, front three-quarter product view",slow-360-spin,YES,"Synthetic proof-of-concept record; replace price, stock, brand and media before production"
BE-0370,Orbis DVR Kit DVR-1370,CCTV & Security,Orbis,DVR-1370,4649,3810,1,20,4.8,"premium studio product photograph of a dvr kit, clean neutral background, ecommerce catalog, front three-quarter view, no logo, 1:1","Orbis DVR Kit, front three-quarter product view",hotspot-reveal,YES,"Synthetic proof-of-concept record; replace price, stock, brand and media before production"
BE-0371,IndusTech Video Doorbell VID-1371,CCTV & Security,IndusTech,VID-1371,5599,4590,1,27,4.9,"premium studio product photograph of a video doorbell, clean neutral background, ecommerce catalog, front three-quarter view, no logo, 1:1","IndusTech Video Doorbell, front three-quarter product view",parallax-depth,YES,"Synthetic proof-of-concept record; replace price, stock, brand and media before production"
BE-0372,NovaTek Smart Lock SMA-1372,CCTV & Security,NovaTek,SMA-1372,6549,5370,1,34,3.8,"premium studio product photograph of a smart lock, clean neutral background, ecommerce catalog, front three-quarter view, no logo, 1:1","NovaTek Smart Lock, front three-quarter product view",color-swap,YES,"Synthetic proof-of-concept record; replace price, stock, brand and media before production"
BE-0373,Cobalt IP Camera IPC-1373,CCTV & Security,Cobalt,IPC-1373,1499,1230,1,41,3.9,"premium studio product photograph of a ip camera, clean neutral background, ecommerce catalog, front three-quarter view, no logo, 1:1","Cobalt IP Camera, front three-quarter product view",exploded-view,YES,"Synthetic proof-of-concept record; replace price, stock, brand and media before production"
BE-0374,Astra DVR Kit DVR-1374,CCTV & Security,Astra,DVR-1374,2449,2010,1,48,4.0,"premium studio product photograph of a dvr kit, clean neutral background, ecommerce catalog, front three-quarter view, no logo, 1:1","Astra DVR Kit, front three-quarter product view",light-sweep,YES,"Synthetic proof-of-concept record; replace price, stock, brand and media before production"
BE-0375,Orbis Video Doorbell VID-1375,CCTV & Security,Orbis,VID-1375,2399,1970,1,55,4.1,"premium studio product photograph of a video doorbell, clean neutral background, ecommerce catalog, front three-quarter view, no logo, 1:1","Orbis Video Doorbell, front three-quarter product view",none-reduced-motion,YES,"Synthetic proof-of-concept record; replace price, stock, brand and media before production"
BE-0376,IndusTech Smart Lock SMA-1376,CCTV & Security,IndusTech,SMA-1376,3349,2750,1,62,4.2,"premium studio product photograph of a smart lock, clean neutral background, ecommerce catalog, front three-quarter view, no logo, 1:1","IndusTech Smart Lock, front three-quarter product view",card-tilt,YES,"Synthetic proof-of-concept record; replace price, stock, brand and media before production"
BE-0377,NovaTek IP Camera IPC-1377,CCTV & Security,NovaTek,IPC-1377,4299,3530,1,69,4.3,"premium studio product photograph of a ip camera, clean neutral background, ecommerce catalog, front three-quarter view, no logo, 1:1","NovaTek IP Camera, front three-quarter product view",slow-360-spin,YES,"Synthetic proof-of-concept record; replace price, stock, brand and media before production"
BE-0378,Cobalt DVR Kit DVR-1378,CCTV & Security,Cobalt,DVR-1378,5249,4300,1,76,4.4,"premium studio product photograph of a dvr kit, clean neutral background, ecommerce catalog, front three-quarter view, no logo, 1:1","Cobalt DVR Kit, front three-quarter product view",hotspot-reveal,YES,"Synthetic proof-of-concept record; replace price, stock, brand and media before production"
BE-0379,Astra Video Doorbell VID-1379,CCTV & Security,Astra,VID-1379,6199,5080,1,83,4.5,"premium studio product photograph of a video doorbell, clean neutral background, ecommerce catalog, front three-quarter view, no logo, 1:1","Astra Video Doorbell, front three-quarter product view",parallax-depth,YES,"Synthetic proof-of-concept record; replace price, stock, brand and media before production"
BE-0380,Orbis Smart Lock SMA-1380,CCTV & Security,Orbis,SMA-1380,6149,5040,1,7,4.6,"premium studio product photograph of a smart lock, clean neutral background, ecommerce catalog, front three-quarter view, no logo, 1:1","Orbis Smart Lock, front three-quarter product view",color-swap,YES,"Synthetic proof-of-concept record; replace price, stock, brand and media before production"
BE-0381,IndusTech IP Camera IPC-1381,CCTV & Security,IndusTech,IPC-1381,1099,900,1,14,4.7,"premium studio product photograph of a ip camera, clean neutral background, ecommerce catalog, front three-quarter view, no logo, 1:1","IndusTech IP Camera, front three-quarter product view",exploded-view,YES,"Synthetic proof-of-concept record; replace price, stock, brand and media before production"
BE-0382,NovaTek DVR Kit DVR-1382,CCTV & Security,NovaTek,DVR-1382,2049,1680,1,21,4.8,"premium studio product photograph of a dvr kit, clean neutral background, ecommerce catalog, front three-quarter view, no logo, 1:1","NovaTek DVR Kit, front three-quarter product view",light-sweep,YES,"Synthetic proof-of-concept record; replace price, stock, brand and media before production"
BE-0383,Cobalt Video Doorbell VID-1383,CCTV & Security,Cobalt,VID-1383,2999,2460,1,28,4.9,"premium studio product photograph of a video doorbell, clean neutral background, ecommerce catalog, front three-quarter view, no logo, 1:1","Cobalt Video Doorbell, front three-quarter product view",none-reduced-motion,YES,"Synthetic proof-of-concept record; replace price, stock, brand and media before production"
BE-0384,Astra Smart Lock SMA-1384,CCTV & Security,Astra,SMA-1384,3949,3240,1,35,3.8,"premium studio product photograph of a smart lock, clean neutral background, ecommerce catalog, front three-quarter view, no logo, 1:1","Astra Smart Lock, front three-quarter product view",card-tilt,YES,"Synthetic proof-of-concept record; replace price, stock, brand and media before production"
BE-0385,Orbis IP Camera IPC-1385,CCTV & Security,Orbis,IPC-1385,3899,3200,1,42,3.9,"premium studio product photograph of a ip camera, clean neutral background, ecommerce catalog, front three-quarter view, no logo, 1:1","Orbis IP Camera, front three-quarter product view",slow-360-spin,YES,"Synthetic proof-of-concept record; replace price, stock, brand and media before production"
BE-0386,IndusTech DVR Kit DVR-1386,CCTV & Security,IndusTech,DVR-1386,4849,3980,1,49,4.0,"premium studio product photograph of a dvr kit, clean neutral background, ecommerce catalog, front three-quarter view, no logo, 1:1","IndusTech DVR Kit, front three-quarter product view",hotspot-reveal,YES,"Synthetic proof-of-concept record; replace price, stock, brand and media before production"
BE-0387,Astra UPS UPS-1387,Power & Backup,Astra,UPS-1387,899,740,1,56,4.1,"premium studio product photograph of a ups, clean neutral background, ecommerce catalog, front three-quarter view, no logo, 1:1","Astra UPS, front three-quarter product view",parallax-depth,YES,"Synthetic proof-of-concept record; replace price, stock, brand and media before production"
BE-0388,Orbis Home Inverter HOM-1388,Power & Backup,Orbis,HOM-1388,1849,1520,1,63,4.2,"premium studio product photograph of a home inverter, clean neutral background, ecommerce catalog, front three-quarter view, no logo, 1:1","Orbis Home Inverter, front three-quarter product view",color-swap,YES,"Synthetic proof-of-concept record; replace price, stock, brand and media before production"
BE-0389,IndusTech Surge Protector SUR-1389,Power & Backup,IndusTech,SUR-1389,2799,2300,1,70,4.3,"premium studio product photograph of a surge protector, clean neutral background, ecommerce catalog, front three-quarter view, no logo, 1:1","IndusTech Surge Protector, front three-quarter product view",exploded-view,YES,"Synthetic proof-of-concept record; replace price, stock, brand and media before production"
BE-0390,NovaTek Power Station POW-1390,Power & Backup,NovaTek,POW-1390,2749,2250,1,77,4.4,"premium studio product photograph of a power station, clean neutral background, ecommerce catalog, front three-quarter view, no logo, 1:1","NovaTek Power Station, front three-quarter product view",light-sweep,YES,"Synthetic proof-of-concept record; replace price, stock, brand and media before production"
BE-0391,Cobalt Battery BAT-1391,Power & Backup,Cobalt,BAT-1391,3699,3030,1,84,4.5,"premium studio product photograph of a battery, clean neutral background, ecommerce catalog, front three-quarter view, no logo, 1:1","Cobalt Battery, front three-quarter product view",none-reduced-motion,YES,"Synthetic proof-of-concept record; replace price, stock, brand and media before production"
BE-0392,Astra UPS UPS-1392,Power & Backup,Astra,UPS-1392,4649,3810,1,8,4.6,"premium studio product photograph of a ups, clean neutral background, ecommerce catalog, front three-quarter view, no logo, 1:1","Astra UPS, front three-quarter product view",card-tilt,YES,"Synthetic proof-of-concept record; replace price, stock, brand and media before production"
BE-0393,Orbis Home Inverter HOM-1393,Power & Backup,Orbis,HOM-1393,5599,4590,1,15,4.7,"premium studio product photograph of a home inverter, clean neutral background, ecommerce catalog, front three-quarter view, no logo, 1:1","Orbis Home Inverter, front three-quarter product view",slow-360-spin,YES,"Synthetic proof-of-concept record; replace price, stock, brand and media before production"
BE-0394,IndusTech Surge Protector SUR-1394,Power & Backup,IndusTech,SUR-1394,6549,5370,1,22,4.8,"premium studio product photograph of a surge protector, clean neutral background, ecommerce catalog, front three-quarter view, no logo, 1:1","IndusTech Surge Protector, front three-quarter product view",hotspot-reveal,YES,"Synthetic proof-of-concept record; replace price, stock, brand and media before production"
BE-0395,NovaTek Power Station POW-1395,Power & Backup,NovaTek,POW-1395,499,410,1,29,4.9,"premium studio product photograph of a power station, clean neutral background, ecommerce catalog, front three-quarter view, no logo, 1:1","NovaTek Power Station, front three-quarter product view",parallax-depth,YES,"Synthetic proof-of-concept record; replace price, stock, brand and media before production"
BE-0396,Cobalt Battery BAT-1396,Power & Backup,Cobalt,BAT-1396,1449,1190,1,36,3.8,"premium studio product photograph of a battery, clean neutral background, ecommerce catalog, front three-quarter view, no logo, 1:1","Cobalt Battery, front three-quarter product view",color-swap,YES,"Synthetic proof-of-concept record; replace price, stock, brand and media before production"
BE-0397,Astra UPS UPS-1397,Power & Backup,Astra,UPS-1397,2399,1970,1,43,3.9,"premium studio product photograph of a ups, clean neutral background, ecommerce catalog, front three-quarter view, no logo, 1:1","Astra UPS, front three-quarter product view",exploded-view,YES,"Synthetic proof-of-concept record; replace price, stock, brand and media before production"
BE-0398,Orbis Home Inverter HOM-1398,Power & Backup,Orbis,HOM-1398,3349,2750,1,50,4.0,"premium studio product photograph of a home inverter, clean neutral background, ecommerce catalog, front three-quarter view, no logo, 1:1","Orbis Home Inverter, front three-quarter product view",light-sweep,YES,"Synthetic proof-of-concept record; replace price, stock, brand and media before production"
BE-0399,IndusTech Surge Protector SUR-1399,Power & Backup,IndusTech,SUR-1399,4299,3530,1,57,4.1,"premium studio product photograph of a surge protector, clean neutral background, ecommerce catalog, front three-quarter view, no logo, 1:1","IndusTech Surge Protector, front three-quarter product view",none-reduced-motion,YES,"Synthetic proof-of-concept record; replace price, stock, brand and media before production"
BE-0400,NovaTek Power Station POW-1400,Power & Backup,NovaTek,POW-1400,4249,3480,1,64,4.2,"premium studio product photograph of a power station, clean neutral background, ecommerce catalog, front three-quarter view, no logo, 1:1","NovaTek Power Station, front three-quarter product view",card-tilt,YES,"Synthetic proof-of-concept record; replace price, stock, brand and media before production"
BE-0401,Cobalt Battery BAT-1401,Power & Backup,Cobalt,BAT-1401,5199,4260,1,71,4.3,"premium studio product photograph of a battery, clean neutral background, ecommerce catalog, front three-quarter view, no logo, 1:1","Cobalt Battery, front three-quarter product view",slow-360-spin,YES,"Synthetic proof-of-concept record; replace price, stock, brand and media before production"
BE-0402,Astra UPS UPS-1402,Power & Backup,Astra,UPS-1402,6149,5040,1,78,4.4,"premium studio product photograph of a ups, clean neutral background, ecommerce catalog, front three-quarter view, no logo, 1:1","Astra UPS, front three-quarter product view",hotspot-reveal,YES,"Synthetic proof-of-concept record; replace price, stock, brand and media before production"
BE-0403,Orbis Home Inverter HOM-1403,Power & Backup,Orbis,HOM-1403,1099,900,1,85,4.5,"premium studio product photograph of a home inverter, clean neutral background, ecommerce catalog, front three-quarter view, no logo, 1:1","Orbis Home Inverter, front three-quarter product view",parallax-depth,YES,"Synthetic proof-of-concept record; replace price, stock, brand and media before production"
BE-0404,IndusTech Surge Protector SUR-1404,Power & Backup,IndusTech,SUR-1404,2049,1680,1,9,4.6,"premium studio product photograph of a surge protector, clean neutral background, ecommerce catalog, front three-quarter view, no logo, 1:1","IndusTech Surge Protector, front three-quarter product view",color-swap,YES,"Synthetic proof-of-concept record; replace price, stock, brand and media before production"
BE-0405,NovaTek Power Station POW-1405,Power & Backup,NovaTek,POW-1405,1999,1640,1,16,4.7,"premium studio product photograph of a power station, clean neutral background, ecommerce catalog, front three-quarter view, no logo, 1:1","NovaTek Power Station, front three-quarter product view",exploded-view,YES,"Synthetic proof-of-concept record; replace price, stock, brand and media before production"
BE-0406,Cobalt Battery BAT-1406,Power & Backup,Cobalt,BAT-1406,2949,2420,1,23,4.8,"premium studio product photograph of a battery, clean neutral background, ecommerce catalog, front three-quarter view, no logo, 1:1","Cobalt Battery, front three-quarter product view",light-sweep,YES,"Synthetic proof-of-concept record; replace price, stock, brand and media before production"
BE-0407,Astra UPS UPS-1407,Power & Backup,Astra,UPS-1407,3899,3200,1,30,4.9,"premium studio product photograph of a ups, clean neutral background, ecommerce catalog, front three-quarter view, no logo, 1:1","Astra UPS, front three-quarter product view",none-reduced-motion,YES,"Synthetic proof-of-concept record; replace price, stock, brand and media before production"
BE-0408,Orbis Home Inverter HOM-1408,Power & Backup,Orbis,HOM-1408,4849,3980,1,37,3.8,"premium studio product photograph of a home inverter, clean neutral background, ecommerce catalog, front three-quarter view, no logo, 1:1","Orbis Home Inverter, front three-quarter product view",card-tilt,YES,"Synthetic proof-of-concept record; replace price, stock, brand and media before production"
BE-0409,IndusTech Surge Protector SUR-1409,Power & Backup,IndusTech,SUR-1409,5799,4760,1,44,3.9,"premium studio product photograph of a surge protector, clean neutral background, ecommerce catalog, front three-quarter view, no logo, 1:1","IndusTech Surge Protector, front three-quarter product view",slow-360-spin,YES,"Synthetic proof-of-concept record; replace price, stock, brand and media before production"
BE-0410,NovaTek Power Station POW-1410,Power & Backup,NovaTek,POW-1410,5749,4710,1,51,4.0,"premium studio product photograph of a power station, clean neutral background, ecommerce catalog, front three-quarter view, no logo, 1:1","NovaTek Power Station, front three-quarter product view",hotspot-reveal,YES,"Synthetic proof-of-concept record; replace price, stock, brand and media before production"
BE-0411,NovaTek Smart Bulb SMA-1411,Smart Home,NovaTek,SMA-1411,599,490,1,58,4.1,"premium studio product photograph of a smart bulb, clean neutral background, ecommerce catalog, front three-quarter view, no logo, 1:1","NovaTek Smart Bulb, front three-quarter product view",parallax-depth,YES,"Synthetic proof-of-concept record; replace price, stock, brand and media before production"
BE-0412,Cobalt Smart Plug SMA-1412,Smart Home,Cobalt,SMA-1412,1549,1270,1,65,4.2,"premium studio product photograph of a smart plug, clean neutral background, ecommerce catalog, front three-quarter view, no logo, 1:1","Cobalt Smart Plug, front three-quarter product view",color-swap,YES,"Synthetic proof-of-concept record; replace price, stock, brand and media before production"
BE-0413,Astra Smart Display SMA-1413,Smart Home,Astra,SMA-1413,2499,2050,1,72,4.3,"premium studio product photograph of a smart display, clean neutral background, ecommerce catalog, front three-quarter view, no logo, 1:1","Astra Smart Display, front three-quarter product view",exploded-view,YES,"Synthetic proof-of-concept record; replace price, stock, brand and media before production"
BE-0414,Orbis IR Remote Hub IRR-1414,Smart Home,Orbis,IRR-1414,3449,2830,1,79,4.4,"premium studio product photograph of a ir remote hub, clean neutral background, ecommerce catalog, front three-quarter view, no logo, 1:1","Orbis IR Remote Hub, front three-quarter product view",light-sweep,YES,"Synthetic proof-of-concept record; replace price, stock, brand and media before production"
BE-0415,IndusTech Smart Bulb SMA-1415,Smart Home,IndusTech,SMA-1415,3399,2790,1,3,4.5,"premium studio product photograph of a smart bulb, clean neutral background, ecommerce catalog, front three-quarter view, no logo, 1:1","IndusTech Smart Bulb, front three-quarter product view",none-reduced-motion,YES,"Synthetic proof-of-concept record; replace price, stock, brand and media before production"
BE-0416,NovaTek Smart Plug SMA-1416,Smart Home,NovaTek,SMA-1416,4349,3570,1,10,4.6,"premium studio product photograph of a smart plug, clean neutral background, ecommerce catalog, front three-quarter view, no logo, 1:1","NovaTek Smart Plug, front three-quarter product view",card-tilt,YES,"Synthetic proof-of-concept record; replace price, stock, brand and media before production"
BE-0417,Cobalt Smart Display SMA-1417,Smart Home,Cobalt,SMA-1417,5299,4350,1,17,4.7,"premium studio product photograph of a smart display, clean neutral background, ecommerce catalog, front three-quarter view, no logo, 1:1","Cobalt Smart Display, front three-quarter product view",slow-360-spin,YES,"Synthetic proof-of-concept record; replace price, stock, brand and media before production"
BE-0418,Astra IR Remote Hub IRR-1418,Smart Home,Astra,IRR-1418,6249,5120,1,24,4.8,"premium studio product photograph of a ir remote hub, clean neutral background, ecommerce catalog, front three-quarter view, no logo, 1:1","Astra IR Remote Hub, front three-quarter product view",hotspot-reveal,YES,"Synthetic proof-of-concept record; replace price, stock, brand and media before production"
BE-0419,Orbis Smart Bulb SMA-1419,Smart Home,Orbis,SMA-1419,1199,980,1,31,4.9,"premium studio product photograph of a smart bulb, clean neutral background, ecommerce catalog, front three-quarter view, no logo, 1:1","Orbis Smart Bulb, front three-quarter product view",parallax-depth,YES,"Synthetic proof-of-concept record; replace price, stock, brand and media before production"
BE-0420,IndusTech Smart Plug SMA-1420,Smart Home,IndusTech,SMA-1420,1149,940,1,38,3.8,"premium studio product photograph of a smart plug, clean neutral background, ecommerce catalog, front three-quarter view, no logo, 1:1","IndusTech Smart Plug, front three-quarter product view",color-swap,YES,"Synthetic proof-of-concept record; replace price, stock, brand and media before production"
BE-0421,NovaTek Smart Display SMA-1421,Smart Home,NovaTek,SMA-1421,2099,1720,1,45,3.9,"premium studio product photograph of a smart display, clean neutral background, ecommerce catalog, front three-quarter view, no logo, 1:1","NovaTek Smart Display, front three-quarter product view",exploded-view,YES,"Synthetic proof-of-concept record; replace price, stock, brand and media before production"
BE-0422,Cobalt IR Remote Hub IRR-1422,Smart Home,Cobalt,IRR-1422,3049,2500,1,52,4.0,"premium studio product photograph of a ir remote hub, clean neutral background, ecommerce catalog, front three-quarter view, no logo, 1:1","Cobalt IR Remote Hub, front three-quarter product view",light-sweep,YES,"Synthetic proof-of-concept record; replace price, stock, brand and media before production"
BE-0423,Astra Smart Bulb SMA-1423,Smart Home,Astra,SMA-1423,3999,3280,1,59,4.1,"premium studio product photograph of a smart bulb, clean neutral background, ecommerce catalog, front three-quarter view, no logo, 1:1","Astra Smart Bulb, front three-quarter product view",none-reduced-motion,YES,"Synthetic proof-of-concept record; replace price, stock, brand and media before production"
BE-0424,Orbis Smart Plug SMA-1424,Smart Home,Orbis,SMA-1424,4949,4060,1,66,4.2,"premium studio product photograph of a smart plug, clean neutral background, ecommerce catalog, front three-quarter view, no logo, 1:1","Orbis Smart Plug, front three-quarter product view",card-tilt,YES,"Synthetic proof-of-concept record; replace price, stock, brand and media before production"
BE-0425,IndusTech Smart Display SMA-1425,Smart Home,IndusTech,SMA-1425,4899,4020,1,73,4.3,"premium studio product photograph of a smart display, clean neutral background, ecommerce catalog, front three-quarter view, no logo, 1:1","IndusTech Smart Display, front three-quarter product view",slow-360-spin,YES,"Synthetic proof-of-concept record; replace price, stock, brand and media before production"
BE-0426,NovaTek IR Remote Hub IRR-1426,Smart Home,NovaTek,IRR-1426,5849,4800,1,80,4.4,"premium studio product photograph of a ir remote hub, clean neutral background, ecommerce catalog, front three-quarter view, no logo, 1:1","NovaTek IR Remote Hub, front three-quarter product view",hotspot-reveal,YES,"Synthetic proof-of-concept record; replace price, stock, brand and media before production"
BE-0427,Cobalt Smart Bulb SMA-1427,Smart Home,Cobalt,SMA-1427,799,660,1,4,4.5,"premium studio product photograph of a smart bulb, clean neutral background, ecommerce catalog, front three-quarter view, no logo, 1:1","Cobalt Smart Bulb, front three-quarter product view",parallax-depth,YES,"Synthetic proof-of-concept record; replace price, stock, brand and media before production"
BE-0428,Astra Smart Plug SMA-1428,Smart Home,Astra,SMA-1428,1749,1430,1,11,4.6,"premium studio product photograph of a smart plug, clean neutral background, ecommerce catalog, front three-quarter view, no logo, 1:1","Astra Smart Plug, front three-quarter product view",color-swap,YES,"Synthetic proof-of-concept record; replace price, stock, brand and media before production"
BE-0429,Orbis Smart Display SMA-1429,Smart Home,Orbis,SMA-1429,2699,2210,1,18,4.7,"premium studio product photograph of a smart display, clean neutral background, ecommerce catalog, front three-quarter view, no logo, 1:1","Orbis Smart Display, front three-quarter product view",exploded-view,YES,"Synthetic proof-of-concept record; replace price, stock, brand and media before production"
BE-0430,IndusTech IR Remote Hub IRR-1430,Smart Home,IndusTech,IRR-1430,2649,2170,1,25,4.8,"premium studio product photograph of a ir remote hub, clean neutral background, ecommerce catalog, front three-quarter view, no logo, 1:1","IndusTech IR Remote Hub, front three-quarter product view",light-sweep,YES,"Synthetic proof-of-concept record; replace price, stock, brand and media before production"
BE-0431,NovaTek Smartwatch SMA-1431,Wearables,NovaTek,SMA-1431,1199,980,1,32,4.9,"premium studio product photograph of a smartwatch, clean neutral background, ecommerce catalog, front three-quarter view, no logo, 1:1","NovaTek Smartwatch, front three-quarter product view",none-reduced-motion,YES,"Synthetic proof-of-concept record; replace price, stock, brand and media before production"
BE-0432,Cobalt Fitness Band FIT-1432,Wearables,Cobalt,FIT-1432,2149,1760,1,39,3.8,"premium studio product photograph of a fitness band, clean neutral background, ecommerce catalog, front three-quarter view, no logo, 1:1","Cobalt Fitness Band, front three-quarter product view",card-tilt,YES,"Synthetic proof-of-concept record; replace price, stock, brand and media before production"
BE-0433,Astra GPS Watch GPS-1433,Wearables,Astra,GPS-1433,3099,2540,1,46,3.9,"premium studio product photograph of a gps watch, clean neutral background, ecommerce catalog, front three-quarter view, no logo, 1:1","Astra GPS Watch, front three-quarter product view",slow-360-spin,YES,"Synthetic proof-of-concept record; replace price, stock, brand and media before production"
BE-0434,Orbis Smartwatch SMA-1434,Wearables,Orbis,SMA-1434,4049,3320,1,53,4.0,"premium studio product photograph of a smartwatch, clean neutral background, ecommerce catalog, front three-quarter view, no logo, 1:1","Orbis Smartwatch, front three-quarter product view",hotspot-reveal,YES,"Synthetic proof-of-concept record; replace price, stock, brand and media before production"
BE-0435,IndusTech Fitness Band FIT-1435,Wearables,IndusTech,FIT-1435,3999,3280,1,60,4.1,"premium studio product photograph of a fitness band, clean neutral background, ecommerce catalog, front three-quarter view, no logo, 1:1","IndusTech Fitness Band, front three-quarter product view",parallax-depth,YES,"Synthetic proof-of-concept record; replace price, stock, brand and media before production"
BE-0436,NovaTek GPS Watch GPS-1436,Wearables,NovaTek,GPS-1436,4949,4060,1,67,4.2,"premium studio product photograph of a gps watch, clean neutral background, ecommerce catalog, front three-quarter view, no logo, 1:1","NovaTek GPS Watch, front three-quarter product view",color-swap,YES,"Synthetic proof-of-concept record; replace price, stock, brand and media before production"
BE-0437,Cobalt Smartwatch SMA-1437,Wearables,Cobalt,SMA-1437,5899,4840,1,74,4.3,"premium studio product photograph of a smartwatch, clean neutral background, ecommerce catalog, front three-quarter view, no logo, 1:1","Cobalt Smartwatch, front three-quarter product view",exploded-view,YES,"Synthetic proof-of-concept record; replace price, stock, brand and media before production"
BE-0438,Astra Fitness Band FIT-1438,Wearables,Astra,FIT-1438,6849,5620,1,81,4.4,"premium studio product photograph of a fitness band, clean neutral background, ecommerce catalog, front three-quarter view, no logo, 1:1","Astra Fitness Band, front three-quarter product view",light-sweep,YES,"Synthetic proof-of-concept record; replace price, stock, brand and media before production"
BE-0439,Orbis GPS Watch GPS-1439,Wearables,Orbis,GPS-1439,1799,1480,1,5,4.5,"premium studio product photograph of a gps watch, clean neutral background, ecommerce catalog, front three-quarter view, no logo, 1:1","Orbis GPS Watch, front three-quarter product view",none-reduced-motion,YES,"Synthetic proof-of-concept record; replace price, stock, brand and media before production"
BE-0440,IndusTech Smartwatch SMA-1440,Wearables,IndusTech,SMA-1440,1749,1430,1,12,4.6,"premium studio product photograph of a smartwatch, clean neutral background, ecommerce catalog, front three-quarter view, no logo, 1:1","IndusTech Smartwatch, front three-quarter product view",card-tilt,YES,"Synthetic proof-of-concept record; replace price, stock, brand and media before production"
BE-0441,NovaTek Fitness Band FIT-1441,Wearables,NovaTek,FIT-1441,2699,2210,1,19,4.7,"premium studio product photograph of a fitness band, clean neutral background, ecommerce catalog, front three-quarter view, no logo, 1:1","NovaTek Fitness Band, front three-quarter product view",slow-360-spin,YES,"Synthetic proof-of-concept record; replace price, stock, brand and media before production"
BE-0442,Cobalt GPS Watch GPS-1442,Wearables,Cobalt,GPS-1442,3649,2990,1,26,4.8,"premium studio product photograph of a gps watch, clean neutral background, ecommerce catalog, front three-quarter view, no logo, 1:1","Cobalt GPS Watch, front three-quarter product view",hotspot-reveal,YES,"Synthetic proof-of-concept record; replace price, stock, brand and media before production"
BE-0443,Astra Smartwatch SMA-1443,Wearables,Astra,SMA-1443,4599,3770,1,33,4.9,"premium studio product photograph of a smartwatch, clean neutral background, ecommerce catalog, front three-quarter view, no logo, 1:1","Astra Smartwatch, front three-quarter product view",parallax-depth,YES,"Synthetic proof-of-concept record; replace price, stock, brand and media before production"
BE-0444,Orbis Fitness Band FIT-1444,Wearables,Orbis,FIT-1444,5549,4550,1,40,3.8,"premium studio product photograph of a fitness band, clean neutral background, ecommerce catalog, front three-quarter view, no logo, 1:1","Orbis Fitness Band, front three-quarter product view",color-swap,YES,"Synthetic proof-of-concept record; replace price, stock, brand and media before production"
BE-0445,IndusTech GPS Watch GPS-1445,Wearables,IndusTech,GPS-1445,5499,4510,1,47,3.9,"premium studio product photograph of a gps watch, clean neutral background, ecommerce catalog, front three-quarter view, no logo, 1:1","IndusTech GPS Watch, front three-quarter product view",exploded-view,YES,"Synthetic proof-of-concept record; replace price, stock, brand and media before production"
BE-0446,NovaTek Smartwatch SMA-1446,Wearables,NovaTek,SMA-1446,6449,5290,1,54,4.0,"premium studio product photograph of a smartwatch, clean neutral background, ecommerce catalog, front three-quarter view, no logo, 1:1","NovaTek Smartwatch, front three-quarter product view",light-sweep,YES,"Synthetic proof-of-concept record; replace price, stock, brand and media before production"
BE-0447,Cobalt Fitness Band FIT-1447,Wearables,Cobalt,FIT-1447,1399,1150,1,61,4.1,"premium studio product photograph of a fitness band, clean neutral background, ecommerce catalog, front three-quarter view, no logo, 1:1","Cobalt Fitness Band, front three-quarter product view",none-reduced-motion,YES,"Synthetic proof-of-concept record; replace price, stock, brand and media before production"
BE-0448,Astra GPS Watch GPS-1448,Wearables,Astra,GPS-1448,2349,1930,1,68,4.2,"premium studio product photograph of a gps watch, clean neutral background, ecommerce catalog, front three-quarter view, no logo, 1:1","Astra GPS Watch, front three-quarter product view",card-tilt,YES,"Synthetic proof-of-concept record; replace price, stock, brand and media before production"
BE-0449,Cobalt Power Bank POW-1449,Mobile Accessories,Cobalt,POW-1449,999,820,20,75,4.3,"premium studio product photograph of a power bank, clean neutral background, ecommerce catalog, front three-quarter view, no logo, 1:1","Cobalt Power Bank, front three-quarter product view",slow-360-spin,YES,"Synthetic proof-of-concept record; replace price, stock, brand and media before production"
BE-0450,Astra USB-C Cable USB-1450,Mobile Accessories,Astra,USB-1450,949,780,5,82,4.4,"premium studio product photograph of a usb-c cable, clean neutral background, ecommerce catalog, front three-quarter view, no logo, 1:1","Astra USB-C Cable, front three-quarter product view",hotspot-reveal,YES,"Synthetic proof-of-concept record; replace price, stock, brand and media before production"
BE-0451,Orbis Fast Charger FAS-1451,Mobile Accessories,Orbis,FAS-1451,1899,1560,10,6,4.5,"premium studio product photograph of a fast charger, clean neutral background, ecommerce catalog, front three-quarter view, no logo, 1:1","Orbis Fast Charger, front three-quarter product view",parallax-depth,YES,"Synthetic proof-of-concept record; replace price, stock, brand and media before production"
BE-0452,IndusTech Phone Case PHO-1452,Mobile Accessories,IndusTech,PHO-1452,2849,2340,20,13,4.6,"premium studio product photograph of a phone case, clean neutral background, ecommerce catalog, front three-quarter view, no logo, 1:1","IndusTech Phone Case, front three-quarter product view",color-swap,YES,"Synthetic proof-of-concept record; replace price, stock, brand and media before production"
BE-0453,NovaTek Wireless Charger WIR-1453,Mobile Accessories,NovaTek,WIR-1453,3799,3120,5,20,4.7,"premium studio product photograph of a wireless charger, clean neutral background, ecommerce catalog, front three-quarter view, no logo, 1:1","NovaTek Wireless Charger, front three-quarter product view",exploded-view,YES,"Synthetic proof-of-concept record; replace price, stock, brand and media before production"
BE-0454,Cobalt Power Bank POW-1454,Mobile Accessories,Cobalt,POW-1454,4749,3890,10,27,4.8,"premium studio product photograph of a power bank, clean neutral background, ecommerce catalog, front three-quarter view, no logo, 1:1","Cobalt Power Bank, front three-quarter product view",light-sweep,YES,"Synthetic proof-of-concept record; replace price, stock, brand and media before production"
BE-0455,Astra USB-C Cable USB-1455,Mobile Accessories,Astra,USB-1455,4699,3850,20,34,4.9,"premium studio product photograph of a usb-c cable, clean neutral background, ecommerce catalog, front three-quarter view, no logo, 1:1","Astra USB-C Cable, front three-quarter product view",none-reduced-motion,YES,"Synthetic proof-of-concept record; replace price, stock, brand and media before production"
BE-0456,Orbis Fast Charger FAS-1456,Mobile Accessories,Orbis,FAS-1456,5649,4630,5,41,3.8,"premium studio product photograph of a fast charger, clean neutral background, ecommerce catalog, front three-quarter view, no logo, 1:1","Orbis Fast Charger, front three-quarter product view",card-tilt,YES,"Synthetic proof-of-concept record; replace price, stock, brand and media before production"
BE-0457,IndusTech Phone Case PHO-1457,Mobile Accessories,IndusTech,PHO-1457,599,490,10,48,3.9,"premium studio product photograph of a phone case, clean neutral background, ecommerce catalog, front three-quarter view, no logo, 1:1","IndusTech Phone Case, front three-quarter product view",slow-360-spin,YES,"Synthetic proof-of-concept record; replace price, stock, brand and media before production"
BE-0458,NovaTek Wireless Charger WIR-1458,Mobile Accessories,NovaTek,WIR-1458,1549,1270,20,55,4.0,"premium studio product photograph of a wireless charger, clean neutral background, ecommerce catalog, front three-quarter view, no logo, 1:1","NovaTek Wireless Charger, front three-quarter product view",hotspot-reveal,YES,"Synthetic proof-of-concept record; replace price, stock, brand and media before production"
BE-0459,Cobalt Power Bank POW-1459,Mobile Accessories,Cobalt,POW-1459,2499,2050,5,62,4.1,"premium studio product photograph of a power bank, clean neutral background, ecommerce catalog, front three-quarter view, no logo, 1:1","Cobalt Power Bank, front three-quarter product view",parallax-depth,YES,"Synthetic proof-of-concept record; replace price, stock, brand and media before production"
BE-0460,Astra USB-C Cable USB-1460,Mobile Accessories,Astra,USB-1460,2449,2010,10,69,4.2,"premium studio product photograph of a usb-c cable, clean neutral background, ecommerce catalog, front three-quarter view, no logo, 1:1","Astra USB-C Cable, front three-quarter product view",color-swap,YES,"Synthetic proof-of-concept record; replace price, stock, brand and media before production"
BE-0461,Orbis Fast Charger FAS-1461,Mobile Accessories,Orbis,FAS-1461,3399,2790,20,76,4.3,"premium studio product photograph of a fast charger, clean neutral background, ecommerce catalog, front three-quarter view, no logo, 1:1","Orbis Fast Charger, front three-quarter product view",exploded-view,YES,"Synthetic proof-of-concept record; replace price, stock, brand and media before production"
BE-0462,IndusTech Phone Case PHO-1462,Mobile Accessories,IndusTech,PHO-1462,4349,3570,5,83,4.4,"premium studio product photograph of a phone case, clean neutral background, ecommerce catalog, front three-quarter view, no logo, 1:1","IndusTech Phone Case, front three-quarter product view",light-sweep,YES,"Synthetic proof-of-concept record; replace price, stock, brand and media before production"
BE-0463,NovaTek Wireless Charger WIR-1463,Mobile Accessories,NovaTek,WIR-1463,5299,4350,10,7,4.5,"premium studio product photograph of a wireless charger, clean neutral background, ecommerce catalog, front three-quarter view, no logo, 1:1","NovaTek Wireless Charger, front three-quarter product view",none-reduced-motion,YES,"Synthetic proof-of-concept record; replace price, stock, brand and media before production"
BE-0464,Cobalt Power Bank POW-1464,Mobile Accessories,Cobalt,POW-1464,6249,5120,20,14,4.6,"premium studio product photograph of a power bank, clean neutral background, ecommerce catalog, front three-quarter view, no logo, 1:1","Cobalt Power Bank, front three-quarter product view",card-tilt,YES,"Synthetic proof-of-concept record; replace price, stock, brand and media before production"
BE-0465,Astra USB-C Cable USB-1465,Mobile Accessories,Astra,USB-1465,199,160,5,21,4.7,"premium studio product photograph of a usb-c cable, clean neutral background, ecommerce catalog, front three-quarter view, no logo, 1:1","Astra USB-C Cable, front three-quarter product view",slow-360-spin,YES,"Synthetic proof-of-concept record; replace price, stock, brand and media before production"
BE-0466,Orbis Fast Charger FAS-1466,Mobile Accessories,Orbis,FAS-1466,1149,940,10,28,4.8,"premium studio product photograph of a fast charger, clean neutral background, ecommerce catalog, front three-quarter view, no logo, 1:1","Orbis Fast Charger, front three-quarter product view",hotspot-reveal,YES,"Synthetic proof-of-concept record; replace price, stock, brand and media before production"
BE-0467,IndusTech Phone Case PHO-1467,Mobile Accessories,IndusTech,PHO-1467,2099,1720,20,35,4.9,"premium studio product photograph of a phone case, clean neutral background, ecommerce catalog, front three-quarter view, no logo, 1:1","IndusTech Phone Case, front three-quarter product view",parallax-depth,YES,"Synthetic proof-of-concept record; replace price, stock, brand and media before production"
BE-0468,NovaTek Wireless Charger WIR-1468,Mobile Accessories,NovaTek,WIR-1468,3049,2500,5,42,3.8,"premium studio product photograph of a wireless charger, clean neutral background, ecommerce catalog, front three-quarter view, no logo, 1:1","NovaTek Wireless Charger, front three-quarter product view",color-swap,YES,"Synthetic proof-of-concept record; replace price, stock, brand and media before production"
BE-0469,Cobalt Power Bank POW-1469,Mobile Accessories,Cobalt,POW-1469,3999,3280,10,49,3.9,"premium studio product photograph of a power bank, clean neutral background, ecommerce catalog, front three-quarter view, no logo, 1:1","Cobalt Power Bank, front three-quarter product view",exploded-view,YES,"Synthetic proof-of-concept record; replace price, stock, brand and media before production"
BE-0470,Astra USB-C Cable USB-1470,Mobile Accessories,Astra,USB-1470,3949,3240,20,56,4.0,"premium studio product photograph of a usb-c cable, clean neutral background, ecommerce catalog, front three-quarter view, no logo, 1:1","Astra USB-C Cable, front three-quarter product view",light-sweep,YES,"Synthetic proof-of-concept record; replace price, stock, brand and media before production"
BE-0471,Orbis Fast Charger FAS-1471,Mobile Accessories,Orbis,FAS-1471,4899,4020,5,63,4.1,"premium studio product photograph of a fast charger, clean neutral background, ecommerce catalog, front three-quarter view, no logo, 1:1","Orbis Fast Charger, front three-quarter product view",none-reduced-motion,YES,"Synthetic proof-of-concept record; replace price, stock, brand and media before production"
BE-0472,IndusTech Phone Case PHO-1472,Mobile Accessories,IndusTech,PHO-1472,5849,4800,10,70,4.2,"premium studio product photograph of a phone case, clean neutral background, ecommerce catalog, front three-quarter view, no logo, 1:1","IndusTech Phone Case, front three-quarter product view",card-tilt,YES,"Synthetic proof-of-concept record; replace price, stock, brand and media before production"
BE-0473,NovaTek Wireless Charger WIR-1473,Mobile Accessories,NovaTek,WIR-1473,799,660,20,77,4.3,"premium studio product photograph of a wireless charger, clean neutral background, ecommerce catalog, front three-quarter view, no logo, 1:1","NovaTek Wireless Charger, front three-quarter product view",slow-360-spin,YES,"Synthetic proof-of-concept record; replace price, stock, brand and media before production"
BE-0474,Cobalt Power Bank POW-1474,Mobile Accessories,Cobalt,POW-1474,1749,1430,5,84,4.4,"premium studio product photograph of a power bank, clean neutral background, ecommerce catalog, front three-quarter view, no logo, 1:1","Cobalt Power Bank, front three-quarter product view",hotspot-reveal,YES,"Synthetic proof-of-concept record; replace price, stock, brand and media before production"
BE-0475,Astra USB-C Cable USB-1475,Mobile Accessories,Astra,USB-1475,1699,1390,10,8,4.5,"premium studio product photograph of a usb-c cable, clean neutral background, ecommerce catalog, front three-quarter view, no logo, 1:1","Astra USB-C Cable, front three-quarter product view",parallax-depth,YES,"Synthetic proof-of-concept record; replace price, stock, brand and media before production"
BE-0476,Orbis Fast Charger FAS-1476,Mobile Accessories,Orbis,FAS-1476,2649,2170,20,15,4.6,"premium studio product photograph of a fast charger, clean neutral background, ecommerce catalog, front three-quarter view, no logo, 1:1","Orbis Fast Charger, front three-quarter product view",color-swap,YES,"Synthetic proof-of-concept record; replace price, stock, brand and media before production"
BE-0477,IndusTech Phone Case PHO-1477,Mobile Accessories,IndusTech,PHO-1477,3599,2950,5,22,4.7,"premium studio product photograph of a phone case, clean neutral background, ecommerce catalog, front three-quarter view, no logo, 1:1","IndusTech Phone Case, front three-quarter product view",exploded-view,YES,"Synthetic proof-of-concept record; replace price, stock, brand and media before production"
BE-0478,NovaTek Wireless Charger WIR-1478,Mobile Accessories,NovaTek,WIR-1478,4549,3730,10,29,4.8,"premium studio product photograph of a wireless charger, clean neutral background, ecommerce catalog, front three-quarter view, no logo, 1:1","NovaTek Wireless Charger, front three-quarter product view",light-sweep,YES,"Synthetic proof-of-concept record; replace price, stock, brand and media before production"
BE-0479,Cobalt Power Bank POW-1479,Mobile Accessories,Cobalt,POW-1479,5499,4510,20,36,4.9,"premium studio product photograph of a power bank, clean neutral background, ecommerce catalog, front three-quarter view, no logo, 1:1","Cobalt Power Bank, front three-quarter product view",none-reduced-motion,YES,"Synthetic proof-of-concept record; replace price, stock, brand and media before production"
BE-0480,Astra USB-C Cable USB-1480,Mobile Accessories,Astra,USB-1480,5449,4470,5,43,3.8,"premium studio product photograph of a usb-c cable, clean neutral background, ecommerce catalog, front three-quarter view, no logo, 1:1","Astra USB-C Cable, front three-quarter product view",card-tilt,YES,"Synthetic proof-of-concept record; replace price, stock, brand and media before production"
BE-0481,NovaTek Wireless Mouse WIR-1481,Computer Accessories,NovaTek,WIR-1481,499,410,10,50,3.9,"premium studio product photograph of a wireless mouse, clean neutral background, ecommerce catalog, front three-quarter view, no logo, 1:1","NovaTek Wireless Mouse, front three-quarter product view",slow-360-spin,YES,"Synthetic proof-of-concept record; replace price, stock, brand and media before production"
BE-0482,Cobalt Mechanical Keyboard MEC-1482,Computer Accessories,Cobalt,MEC-1482,1449,1190,20,57,4.0,"premium studio product photograph of a mechanical keyboard, clean neutral background, ecommerce catalog, front three-quarter view, no logo, 1:1","Cobalt Mechanical Keyboard, front three-quarter product view",hotspot-reveal,YES,"Synthetic proof-of-concept record; replace price, stock, brand and media before production"
BE-0483,Astra Webcam WEB-1483,Computer Accessories,Astra,WEB-1483,2399,1970,5,64,4.1,"premium studio product photograph of a webcam, clean neutral background, ecommerce catalog, front three-quarter view, no logo, 1:1","Astra Webcam, front three-quarter product view",parallax-depth,YES,"Synthetic proof-of-concept record; replace price, stock, brand and media before production"
BE-0484,Orbis USB-C Hub USB-1484,Computer Accessories,Orbis,USB-1484,3349,2750,10,71,4.2,"premium studio product photograph of a usb-c hub, clean neutral background, ecommerce catalog, front three-quarter view, no logo, 1:1","Orbis USB-C Hub, front three-quarter product view",color-swap,YES,"Synthetic proof-of-concept record; replace price, stock, brand and media before production"
BE-0485,IndusTech Laptop Stand LAP-1485,Computer Accessories,IndusTech,LAP-1485,3299,2710,20,78,4.3,"premium studio product photograph of a laptop stand, clean neutral background, ecommerce catalog, front three-quarter view, no logo, 1:1","IndusTech Laptop Stand, front three-quarter product view",exploded-view,YES,"Synthetic proof-of-concept record; replace price, stock, brand and media before production"
BE-0486,NovaTek Wireless Mouse WIR-1486,Computer Accessories,NovaTek,WIR-1486,4249,3480,5,85,4.4,"premium studio product photograph of a wireless mouse, clean neutral background, ecommerce catalog, front three-quarter view, no logo, 1:1","NovaTek Wireless Mouse, front three-quarter product view",light-sweep,YES,"Synthetic proof-of-concept record; replace price, stock, brand and media before production"
BE-0487,Cobalt Mechanical Keyboard MEC-1487,Computer Accessories,Cobalt,MEC-1487,5199,4260,10,9,4.5,"premium studio product photograph of a mechanical keyboard, clean neutral background, ecommerce catalog, front three-quarter view, no logo, 1:1","Cobalt Mechanical Keyboard, front three-quarter product view",none-reduced-motion,YES,"Synthetic proof-of-concept record; replace price, stock, brand and media before production"
BE-0488,Astra Webcam WEB-1488,Computer Accessories,Astra,WEB-1488,6149,5040,20,16,4.6,"premium studio product photograph of a webcam, clean neutral background, ecommerce catalog, front three-quarter view, no logo, 1:1","Astra Webcam, front three-quarter product view",card-tilt,YES,"Synthetic proof-of-concept record; replace price, stock, brand and media before production"
BE-0489,Orbis USB-C Hub USB-1489,Computer Accessories,Orbis,USB-1489,1099,900,5,23,4.7,"premium studio product photograph of a usb-c hub, clean neutral background, ecommerce catalog, front three-quarter view, no logo, 1:1","Orbis USB-C Hub, front three-quarter product view",slow-360-spin,YES,"Synthetic proof-of-concept record; replace price, stock, brand and media before production"
BE-0490,IndusTech Laptop Stand LAP-1490,Computer Accessories,IndusTech,LAP-1490,1049,860,10,30,4.8,"premium studio product photograph of a laptop stand, clean neutral background, ecommerce catalog, front three-quarter view, no logo, 1:1","IndusTech Laptop Stand, front three-quarter product view",hotspot-reveal,YES,"Synthetic proof-of-concept record; replace price, stock, brand and media before production"
BE-0491,NovaTek Wireless Mouse WIR-1491,Computer Accessories,NovaTek,WIR-1491,1999,1640,20,37,4.9,"premium studio product photograph of a wireless mouse, clean neutral background, ecommerce catalog, front three-quarter view, no logo, 1:1","NovaTek Wireless Mouse, front three-quarter product view",parallax-depth,YES,"Synthetic proof-of-concept record; replace price, stock, brand and media before production"
BE-0492,Cobalt Mechanical Keyboard MEC-1492,Computer Accessories,Cobalt,MEC-1492,2949,2420,5,44,3.8,"premium studio product photograph of a mechanical keyboard, clean neutral background, ecommerce catalog, front three-quarter view, no logo, 1:1","Cobalt Mechanical Keyboard, front three-quarter product view",color-swap,YES,"Synthetic proof-of-concept record; replace price, stock, brand and media before production"
BE-0493,Astra Webcam WEB-1493,Computer Accessories,Astra,WEB-1493,3899,3200,10,51,3.9,"premium studio product photograph of a webcam, clean neutral background, ecommerce catalog, front three-quarter view, no logo, 1:1","Astra Webcam, front three-quarter product view",exploded-view,YES,"Synthetic proof-of-concept record; replace price, stock, brand and media before production"
BE-0494,Orbis USB-C Hub USB-1494,Computer Accessories,Orbis,USB-1494,4849,3980,20,58,4.0,"premium studio product photograph of a usb-c hub, clean neutral background, ecommerce catalog, front three-quarter view, no logo, 1:1","Orbis USB-C Hub, front three-quarter product view",light-sweep,YES,"Synthetic proof-of-concept record; replace price, stock, brand and media before production"
BE-0495,IndusTech Laptop Stand LAP-1495,Computer Accessories,IndusTech,LAP-1495,4799,3940,5,65,4.1,"premium studio product photograph of a laptop stand, clean neutral background, ecommerce catalog, front three-quarter view, no logo, 1:1","IndusTech Laptop Stand, front three-quarter product view",none-reduced-motion,YES,"Synthetic proof-of-concept record; replace price, stock, brand and media before production"
BE-0496,NovaTek Wireless Mouse WIR-1496,Computer Accessories,NovaTek,WIR-1496,5749,4710,10,72,4.2,"premium studio product photograph of a wireless mouse, clean neutral background, ecommerce catalog, front three-quarter view, no logo, 1:1","NovaTek Wireless Mouse, front three-quarter product view",card-tilt,YES,"Synthetic proof-of-concept record; replace price, stock, brand and media before production"
BE-0497,Cobalt Mechanical Keyboard MEC-1497,Computer Accessories,Cobalt,MEC-1497,699,570,20,79,4.3,"premium studio product photograph of a mechanical keyboard, clean neutral background, ecommerce catalog, front three-quarter view, no logo, 1:1","Cobalt Mechanical Keyboard, front three-quarter product view",slow-360-spin,YES,"Synthetic proof-of-concept record; replace price, stock, brand and media before production"
BE-0498,Astra Webcam WEB-1498,Computer Accessories,Astra,WEB-1498,1649,1350,5,3,4.4,"premium studio product photograph of a webcam, clean neutral background, ecommerce catalog, front three-quarter view, no logo, 1:1","Astra Webcam, front three-quarter product view",hotspot-reveal,YES,"Synthetic proof-of-concept record; replace price, stock, brand and media before production"
BE-0499,Orbis USB-C Hub USB-1499,Computer Accessories,Orbis,USB-1499,2599,2130,10,10,4.5,"premium studio product photograph of a usb-c hub, clean neutral background, ecommerce catalog, front three-quarter view, no logo, 1:1","Orbis USB-C Hub, front three-quarter product view",parallax-depth,YES,"Synthetic proof-of-concept record; replace price, stock, brand and media before production"
BE-0500,IndusTech Laptop Stand LAP-1500,Computer Accessories,IndusTech,LAP-1500,2549,2090,20,17,4.6,"premium studio product photograph of a laptop stand, clean neutral background, ecommerce catalog, front three-quarter view, no logo, 1:1","IndusTech Laptop Stand, front three-quarter product view",color-swap,YES,"Synthetic proof-of-concept record; replace price, stock, brand and media before production"
BE-0501,NovaTek Wireless Mouse WIR-1501,Computer Accessories,NovaTek,WIR-1501,3499,2870,5,24,4.7,"premium studio product photograph of a wireless mouse, clean neutral background, ecommerce catalog, front three-quarter view, no logo, 1:1","NovaTek Wireless Mouse, front three-quarter product view",exploded-view,YES,"Synthetic proof-of-concept record; replace price, stock, brand and media before production"
BE-0502,Cobalt Mechanical Keyboard MEC-1502,Computer Accessories,Cobalt,MEC-1502,4449,3650,10,31,4.8,"premium studio product photograph of a mechanical keyboard, clean neutral background, ecommerce catalog, front three-quarter view, no logo, 1:1","Cobalt Mechanical Keyboard, front three-quarter product view",light-sweep,YES,"Synthetic proof-of-concept record; replace price, stock, brand and media before production"
BE-0503,Astra Webcam WEB-1503,Computer Accessories,Astra,WEB-1503,5399,4430,20,38,4.9,"premium studio product photograph of a webcam, clean neutral background, ecommerce catalog, front three-quarter view, no logo, 1:1","Astra Webcam, front three-quarter product view",none-reduced-motion,YES,"Synthetic proof-of-concept record; replace price, stock, brand and media before production"
BE-0504,Orbis USB-C Hub USB-1504,Computer Accessories,Orbis,USB-1504,6349,5210,5,45,3.8,"premium studio product photograph of a usb-c hub, clean neutral background, ecommerce catalog, front three-quarter view, no logo, 1:1","Orbis USB-C Hub, front three-quarter product view",card-tilt,YES,"Synthetic proof-of-concept record; replace price, stock, brand and media before production"
BE-0505,IndusTech Laptop Stand LAP-1505,Computer Accessories,IndusTech,LAP-1505,299,250,10,52,3.9,"premium studio product photograph of a laptop stand, clean neutral background, ecommerce catalog, front three-quarter view, no logo, 1:1","IndusTech Laptop Stand, front three-quarter product view",slow-360-spin,YES,"Synthetic proof-of-concept record; replace price, stock, brand and media before production"
BE-0506,NovaTek Wireless Mouse WIR-1506,Computer Accessories,NovaTek,WIR-1506,1249,1020,20,59,4.0,"premium studio product photograph of a wireless mouse, clean neutral background, ecommerce catalog, front three-quarter view, no logo, 1:1","NovaTek Wireless Mouse, front three-quarter product view",hotspot-reveal,YES,"Synthetic proof-of-concept record; replace price, stock, brand and media before production"
BE-0507,Cobalt Mechanical Keyboard MEC-1507,Computer Accessories,Cobalt,MEC-1507,2199,1800,5,66,4.1,"premium studio product photograph of a mechanical keyboard, clean neutral background, ecommerce catalog, front three-quarter view, no logo, 1:1","Cobalt Mechanical Keyboard, front three-quarter product view",parallax-depth,YES,"Synthetic proof-of-concept record; replace price, stock, brand and media before production"
BE-0508,Astra Webcam WEB-1508,Computer Accessories,Astra,WEB-1508,3149,2580,10,73,4.2,"premium studio product photograph of a webcam, clean neutral background, ecommerce catalog, front three-quarter view, no logo, 1:1","Astra Webcam, front three-quarter product view",color-swap,YES,"Synthetic proof-of-concept record; replace price, stock, brand and media before production"
BE-0509,Cobalt Arduino-compatible Board ARD-1509,Electronic Components & Tools,Cobalt,ARD-1509,899,740,20,80,4.3,"premium studio product photograph of a arduino-compatible board, clean neutral background, ecommerce catalog, front three-quarter view, no logo, 1:1","Cobalt Arduino-compatible Board, front three-quarter product view",exploded-view,YES,"Synthetic proof-of-concept record; replace price, stock, brand and media before production"
BE-0510,Astra Sensor Kit SEN-1510,Electronic Components & Tools,Astra,SEN-1510,849,700,5,4,4.4,"premium studio product photograph of a sensor kit, clean neutral background, ecommerce catalog, front three-quarter view, no logo, 1:1","Astra Sensor Kit, front three-quarter product view",light-sweep,YES,"Synthetic proof-of-concept record; replace price, stock, brand and media before production"
BE-0511,Orbis Soldering Station SOL-1511,Electronic Components & Tools,Orbis,SOL-1511,1799,1480,10,11,4.5,"premium studio product photograph of a soldering station, clean neutral background, ecommerce catalog, front three-quarter view, no logo, 1:1","Orbis Soldering Station, front three-quarter product view",none-reduced-motion,YES,"Synthetic proof-of-concept record; replace price, stock, brand and media before production"
BE-0512,IndusTech Digital Multimeter DIG-1512,Electronic Components & Tools,IndusTech,DIG-1512,2749,2250,20,18,4.6,"premium studio product photograph of a digital multimeter, clean neutral background, ecommerce catalog, front three-quarter view, no logo, 1:1","IndusTech Digital Multimeter, front three-quarter product view",card-tilt,YES,"Synthetic proof-of-concept record; replace price, stock, brand and media before production"
BE-0513,NovaTek Breadboard Kit BRE-1513,Electronic Components & Tools,NovaTek,BRE-1513,3699,3030,5,25,4.7,"premium studio product photograph of a breadboard kit, clean neutral background, ecommerce catalog, front three-quarter view, no logo, 1:1","NovaTek Breadboard Kit, front three-quarter product view",slow-360-spin,YES,"Synthetic proof-of-concept record; replace price, stock, brand and media before production"
BE-0514,Cobalt DC Motor DCM-1514,Electronic Components & Tools,Cobalt,DCM-1514,4649,3810,10,32,4.8,"premium studio product photograph of a dc motor, clean neutral background, ecommerce catalog, front three-quarter view, no logo, 1:1","Cobalt DC Motor, front three-quarter product view",hotspot-reveal,YES,"Synthetic proof-of-concept record; replace price, stock, brand and media before production"
BE-0515,Astra Arduino-compatible Board ARD-1515,Electronic Components & Tools,Astra,ARD-1515,4599,3770,20,39,4.9,"premium studio product photograph of a arduino-compatible board, clean neutral background, ecommerce catalog, front three-quarter view, no logo, 1:1","Astra Arduino-compatible Board, front three-quarter product view",parallax-depth,YES,"Synthetic proof-of-concept record; replace price, stock, brand and media before production"
BE-0516,Orbis Sensor Kit SEN-1516,Electronic Components & Tools,Orbis,SEN-1516,5549,4550,5,46,3.8,"premium studio product photograph of a sensor kit, clean neutral background, ecommerce catalog, front three-quarter view, no logo, 1:1","Orbis Sensor Kit, front three-quarter product view",color-swap,YES,"Synthetic proof-of-concept record; replace price, stock, brand and media before production"
BE-0517,IndusTech Soldering Station SOL-1517,Electronic Components & Tools,IndusTech,SOL-1517,499,410,10,53,3.9,"premium studio product photograph of a soldering station, clean neutral background, ecommerce catalog, front three-quarter view, no logo, 1:1","IndusTech Soldering Station, front three-quarter product view",exploded-view,YES,"Synthetic proof-of-concept record; replace price, stock, brand and media before production"
BE-0518,NovaTek Digital Multimeter DIG-1518,Electronic Components & Tools,NovaTek,DIG-1518,1449,1190,20,60,4.0,"premium studio product photograph of a digital multimeter, clean neutral background, ecommerce catalog, front three-quarter view, no logo, 1:1","NovaTek Digital Multimeter, front three-quarter product view",light-sweep,YES,"Synthetic proof-of-concept record; replace price, stock, brand and media before production"
BE-0519,Cobalt Breadboard Kit BRE-1519,Electronic Components & Tools,Cobalt,BRE-1519,2399,1970,5,67,4.1,"premium studio product photograph of a breadboard kit, clean neutral background, ecommerce catalog, front three-quarter view, no logo, 1:1","Cobalt Breadboard Kit, front three-quarter product view",none-reduced-motion,YES,"Synthetic proof-of-concept record; replace price, stock, brand and media before production"
BE-0520,Astra DC Motor DCM-1520,Electronic Components & Tools,Astra,DCM-1520,2349,1930,10,74,4.2,"premium studio product photograph of a dc motor, clean neutral background, ecommerce catalog, front three-quarter view, no logo, 1:1","Astra DC Motor, front three-quarter product view",card-tilt,YES,"Synthetic proof-of-concept record; replace price, stock, brand and media before production"
BE-0521,Orbis Arduino-compatible Board ARD-1521,Electronic Components & Tools,Orbis,ARD-1521,3299,2710,20,81,4.3,"premium studio product photograph of a arduino-compatible board, clean neutral background, ecommerce catalog, front three-quarter view, no logo, 1:1","Orbis Arduino-compatible Board, front three-quarter product view",slow-360-spin,YES,"Synthetic proof-of-concept record; replace price, stock, brand and media before production"
BE-0522,IndusTech Sensor Kit SEN-1522,Electronic Components & Tools,IndusTech,SEN-1522,4249,3480,5,5,4.4,"premium studio product photograph of a sensor kit, clean neutral background, ecommerce catalog, front three-quarter view, no logo, 1:1","IndusTech Sensor Kit, front three-quarter product view",hotspot-reveal,YES,"Synthetic proof-of-concept record; replace price, stock, brand and media before production"
BE-0523,NovaTek Soldering Station SOL-1523,Electronic Components & Tools,NovaTek,SOL-1523,5199,4260,10,12,4.5,"premium studio product photograph of a soldering station, clean neutral background, ecommerce catalog, front three-quarter view, no logo, 1:1","NovaTek Soldering Station, front three-quarter product view",parallax-depth,YES,"Synthetic proof-of-concept record; replace price, stock, brand and media before production"
BE-0524,Cobalt Digital Multimeter DIG-1524,Electronic Components & Tools,Cobalt,DIG-1524,6149,5040,20,19,4.6,"premium studio product photograph of a digital multimeter, clean neutral background, ecommerce catalog, front three-quarter view, no logo, 1:1","Cobalt Digital Multimeter, front three-quarter product view",color-swap,YES,"Synthetic proof-of-concept record; replace price, stock, brand and media before production"
BE-0525,Astra Breadboard Kit BRE-1525,Electronic Components & Tools,Astra,BRE-1525,99,80,5,26,4.7,"premium studio product photograph of a breadboard kit, clean neutral background, ecommerce catalog, front three-quarter view, no logo, 1:1","Astra Breadboard Kit, front three-quarter product view",exploded-view,YES,"Synthetic proof-of-concept record; replace price, stock, brand and media before production"
BE-0526,Orbis DC Motor DCM-1526,Electronic Components & Tools,Orbis,DCM-1526,1049,860,10,33,4.8,"premium studio product photograph of a dc motor, clean neutral background, ecommerce catalog, front three-quarter view, no logo, 1:1","Orbis DC Motor, front three-quarter product view",light-sweep,YES,"Synthetic proof-of-concept record; replace price, stock, brand and media before production"
BE-0527,IndusTech Arduino-compatible Board ARD-1527,Electronic Components & Tools,IndusTech,ARD-1527,1999,1640,20,40,4.9,"premium studio product photograph of a arduino-compatible board, clean neutral background, ecommerce catalog, front three-quarter view, no logo, 1:1","IndusTech Arduino-compatible Board, front three-quarter product view",none-reduced-motion,YES,"Synthetic proof-of-concept record; replace price, stock, brand and media before production"
BE-0528,NovaTek Sensor Kit SEN-1528,Electronic Components & Tools,NovaTek,SEN-1528,2949,2420,5,47,3.8,"premium studio product photograph of a sensor kit, clean neutral background, ecommerce catalog, front three-quarter view, no logo, 1:1","NovaTek Sensor Kit, front three-quarter product view",card-tilt,YES,"Synthetic proof-of-concept record; replace price, stock, brand and media before production"
BE-0529,Cobalt Soldering Station SOL-1529,Electronic Components & Tools,Cobalt,SOL-1529,3899,3200,10,54,3.9,"premium studio product photograph of a soldering station, clean neutral background, ecommerce catalog, front three-quarter view, no logo, 1:1","Cobalt Soldering Station, front three-quarter product view",slow-360-spin,YES,"Synthetic proof-of-concept record; replace price, stock, brand and media before production"
BE-0530,Astra Digital Multimeter DIG-1530,Electronic Components & Tools,Astra,DIG-1530,3849,3160,20,61,4.0,"premium studio product photograph of a digital multimeter, clean neutral background, ecommerce catalog, front three-quarter view, no logo, 1:1","Astra Digital Multimeter, front three-quarter product view",hotspot-reveal,YES,"Synthetic proof-of-concept record; replace price, stock, brand and media before production"
BE-0531,Orbis Breadboard Kit BRE-1531,Electronic Components & Tools,Orbis,BRE-1531,4799,3940,5,68,4.1,"premium studio product photograph of a breadboard kit, clean neutral background, ecommerce catalog, front three-quarter view, no logo, 1:1","Orbis Breadboard Kit, front three-quarter product view",parallax-depth,YES,"Synthetic proof-of-concept record; replace price, stock, brand and media before production"
BE-0532,IndusTech DC Motor DCM-1532,Electronic Components & Tools,IndusTech,DCM-1532,5749,4710,10,75,4.2,"premium studio product photograph of a dc motor, clean neutral background, ecommerce catalog, front three-quarter view, no logo, 1:1","IndusTech DC Motor, front three-quarter product view",color-swap,YES,"Synthetic proof-of-concept record; replace price, stock, brand and media before production"
